id,name,
0,Strumplå UG ( haftungsbeschränkt ), 
1,A . I . M . Berlin Europa - Transfer UG ( haftungsbeschränkt ),
2,Dräger + Wullenwever print + media Lübeck GmbH & Co . KG,
3,Jäger service Mecklenburg - Vorpommern GmbH,
4,H 3 Business Solutions GmbH,
5,HBV Hainstraße 4 Besitz - und Verwaltung gesellschaft mbH,
6,Auto haus Christoph Bellen dorf GmbH,
7,El Puerto Gastro GmbH,
8,WP - Objekt bau GmbH & Co . KG,
9,TABU Bismarckstraße GmbH,
10,"5 S GmbH Systeme , Software , Schulung",
11,ALEX BAU GmbH,
12,Yoo MÜNCHEN Verwaltungs GmbH,
13,EuroEconix GmbH,
14,Bühler + Goroncy Transporte GmbH,
15,Hornsgården GmbH,
16,BE / SPECIAL Image - und Kommunikations - Strategien GmbH,
17,Cormoran GR 1 GmbH,
18,"Dres . Schuster , Oertel , Krais & Partner Ärzte",
19,Calwer ' s Leder moden Heike Wagner,
20,2 1 . DT - Verwaltungs GmbH,
21,"Händel - Apotheke Inhaber : Amir Madjdian , Leipzig",
22,Golf @ web GmbH,
23,Reha - Zentrum Quellen busch park GmbH & Co . KG,
24,Elektronik 3 000 GmbH,
25,Vogels berg 2 00 8 - 2 GmbH,
26,Öko - Natur - Klima - Haus GmbH,
27,Ostend 1 8 6 Grundstücks verwaltung gesellschaft mbH,
28,KTÜ Kunststoff technik Übach GmbH,
29,Restaurant Café UNIKAT UG ( haftungsbeschränkt ),
30,Elbel ´ s Catering e . K .,
31,9 . Ost deutschland Invest GmbH,
32, Das Besetzung büro  Emrah Ertem e . K,
33,Aequus Beteiligungs GmbH,
34,Capcellence Team Vermögens verwaltung Vintage Year 0 6 / 0 7 GmbH & Co . KG,
35,[ blueworks ] - gmbh,
36,[ id ] Deutsche Immobilien rendite GmbH & Co . KG,
37,Kreher ` s Bau - und Sanierungs GmbH,
38,Bade ² Consulting H . - J . & Dr . M . Bade Unternehmens berater Partnerschaft,
39,>> ORION << BULKERS GmbH & Co . KG,
40,>> ORION << ADMINISTRATION GmbH,
41,Thumbs up ! Christine Daum Film produktion e . K,
42,Z _ punkt GmbH,
43,LOGO CAFÉ - Systeme International GmbH,
44,"bon goût , ESSEN - ERLEBEN GmbH",
45,storemaster ® GmbH & Co . KG .,
46,più caffè Deutschland GmbH,
47,Barbara Frères GmbH,
48,V · S Natur Strom Ost GmbH & Co . KG,
49,ODAR GP | GmbH & Co . KG,
50,Strumplå UG ( haftungsbeschränkt ),
51,Friggì GmbH,
52,SUPRÊME CARS GmbH,
53,work £ it Inhaber Rolf Bößmann e . K .,
54,BÆNG GmbH,
55,YOGOÛT GmbH,
56,AHS Auto mobile GmbH,
57,EUCHETRA GmbH,
58,Havelland Verwaltungs GmbH,
59,WAG Verwaltung gesellschaft mbH,
60,Vollstrudel GmbH,
61,Arbeit - Verwaltungs GmbH,
62,H & S Bio gas GmbH,
63,GS Immobilien beteiligung - GmbH & Co . KG,
64,wort reich in Bad Hersfeld gemeinnützige GmbH,
65,HAS & MET oHG,
66,Park hotel Thale Betriebs gesellschaft mbH & Co . KG,
67,Auto Manczak e . K,
68,Dr . Günther Kast Gesellschaft mit beschränkter Haftung,
69,Breuer Verwaltung gesellschaft mit beschränkter Haftung,
70,W & T Wasser - und Tiefbau GmbH,
71,Fuller GmbH,
72,HHG Haus & Hof GmbH & Co . KG,
73,Dilcom GmbH,
74,ICM Unger GmbH & Co . KG,
75,"hm therapie & training , hinterberger & mucha Diplom sport lehrer und Physiotherapeuten Partnerschaft",
76,LUFT STROM Hocheifel GmbH & Co . KG,
77,Miracle Immobilien - Verwaltungs - GmbH,
78,CE Beteiligungs - & Finanzierung GmbH,
79,CHR Verwaltungs GmbH,
80,Späth & Keilich GmbH,
81,RBS RoeverBroennerSusat Beteiligung gesellschaft mbH & Co . KG,
82,Büro - Mayer GmbH & Co . KG,
83,HOMALA - B GmbH,
84,DD INSIDE NEUE MEDIEN GmbH,
85,Erb & Wenzl GmbH,
86,Layden Properties Friedrichshain GmbH,
87,STW - Steuer beratung gesellschaft mbH,
88,CTB Verwaltung gesellschaft mbH,
89,Pütz IT Services GmbH,
90,Möbel - Liebeck GmbH,
91,Astrata Germany GmbH,
92,D . H . - Verwaltungs - GmbH,
93,Pankratz & Schüler GmbH,
94,Dr . Keller Beteiligung gesellschaft mbH,
95,Auto grill Deutschland GmbH,
96,memepublisher GmbH,
97,mobilrent GmbH,
98,Durst Image Technology Deutschland GmbH,
99,Kinetic Bau GmbH,
100,WPM - Werbe Projekt Medien GmbH,
101,Sonnen kraft Deutschland GmbH,
102,"Baltic Bau , Baltische Immobilien verwaltung gesellschaft mbH",
103,Schaber Reisen GmbH,
104,EAS Elektro anlagen - und Steuerung technik Sonne berg GmbH,
105,HTB Schmidtgen GmbH,
106,A . T . F . Ammer land Filter UG ( haftungsbeschränkt ) & Co . KG,
107,Africa - Royal - Tours GmbH,
108,Zweite Kallmeyer Beteiligungs GmbH,
109,Albhof Vertriebs - GmbH & Co . KG,
110,Hummel Verwaltung gesellschaft mbH,
111,Konrad Günther II . und Sohn KG,
112,Airpark Zweedorf GmbH,
113,Nutz fahrzeug zentrum Bielefeld GmbH & Co . KG,
114,"Tanmed GmbH Aus - , Fort - und Weiterbildung",
115,Mackedanz GmbH Steuer beratung gesellschaft,
116,Kiwigrid GmbH,
117,SHOE PREMIER EUROPE GMBH,
118,Sokol Dentalschleifmittel GmbH,
119,Bürger Energie Merken dorf GmbH & Co . KG,
120,BAROL Glaserei GmbH,
121,KMC Effizienz haus Verwaltungs - GmbH,
122,flair GmbH ambulanter Beatmungs - und Intensivpflegedienst,
123,Boden - Wand Beschichtungen Jung GmbH,
124,Alfred See hafer Ges . m . b . H . Holz - und Kunststoff - Verarbeitung,
125,BloomPost GmbH,
126,Hektor Container dienst GmbH,
127,"GenExpress Gesellschaft für Protein design mbH , Berlin",
128,Kopetschke CAD UG ( haftungsbeschränkt ),
129,Glöde Verwaltungs GmbH,
130,USB - System Verwaltungs - GmbH,
131,Dengler Finanz beratung e . K .,
132,Neue WMS Flocktechnik GmbH,
133,Kostial Sport GmbH,
134,Zentrum Aus - und Weiterbildung GmbH Babelsberg,
135,IMAG Consulting Group GmbH & Co . KG,
136,Ewald Vogt Transporte e . K .,
137,Cybertronics e . K . Design und Kommunikation lösungen,
138,Gut Stretense GmbH,
139,Bistro - Brasserie Sachs Unternehmer gesellschaft ( haftungsbeschränkt ),
140,F & K Auto mobile GmbH,
141,Klima dienst Cooling & Systems GmbH,
142,"MAP Management , Ausführung , Projektierung UG ( haftungsbeschränkt )",
143,EGR Elektro - Geräte Recycling GmbH,
144,Partisan Vertriebs GmbH,
145,Galina Schibilski Pelze,
146,CFE Management GmbH,
147,Fahr service Thomas Rapp e . K .,
148,Beschriftungs & Graviertechnik Schwarz Verwaltungs GmbH,
149,MARKOTEC LTD . Niederlassung Deutschland,
150,Idee und los GmbH,
151,DeCon DeCoating Control GmbH,
152,INSPECVISION Deutschland GmbH,
153,Klaus Kroschke Holding Beteiligungs - und Geschäfts führung gesellschaft mbH,
154,Auto land Harz GmbH,
155,Imperial - Werke oHG,
156,Mein Schnäppchen paradies GmbH,
157,Hahn Metall bau GmbH,
158,Bau unternehmung Schuhegger GmbH,
159,Bischoff Beteiligungs GmbH,
160,TEA Tief - und Erd bau GmbH,
161,Beichler & Grünen wald Verpachtung KG,
162,Göttinger Wohnung bau Kurth GmbH,
163,D + S Erd bau - GmbH,
164,AGO AG Energie + Anlagen,
165,Fläminger Getränke fach großhandel GmbH,
166,Eris Car - Design GmbH,
167,Breeze Four Energy GmbH & Co . KG,
168,AVANZA GmbH & Co . KG,
169,Lindner Group KG,
170,Imperial Immobilien und Facility Management e . Kfr .,
171,BG Immobilien GmbH Sinsheim,
172,Movemanagement GmbH,
173,Adhesive Products GmbH,
174,Avanti Technology Graf GmbH,
175,BVH BurkhardvonHarder Pictures GmbH,
176,Walter Perske GmbH,
177,St . Josefs - Hospital Wiesbaden GmbH,
178,AKW GmbH,
179,EXA EDV GmbH,
180,Jubel kind GmbH,
181,investadvice GmbH,
182,Altran Deutschland Holding GmbH,
183,H . Schäfer Immobilien GmbH,
184,Elektro Schmitter GmbH,
185,isyShare GmbH,
186,G . B . Verwaltungs GmbH,
187,CB Transporte und Dienst leistungen GmbH,
188,W . Linnepe GmbH & Co . KG,
189,Forst unternehmen Bergelt GmbH,
190,TORNADO XXL GmbH,
191,SIS - Ingenieure Saar GmbH,
192,G . D . City Bau GmbH,
193,DIBU Logistik & Dienstleistung GmbH,
194,DMT Produkt entwicklung AG,
195,Engelbertz GmbH,
196,Lisette Geiter GmbH & Co . KG,
197,SANI - THERM Wärme technik GmbH,
198,koellner . werbung Produktion gesellschaft mbH,
199,Design boden Manufaktur GmbH,
200,ISK GmbH Industriesteckverbinder Zubehör & Kabel konstruktion,
201,KLITRA Verwaltungs - GmbH,
202,Thule GmbH,
203,CMR Invest GmbH,
204,MINOLA - Solar energie GmbH & Co . KG,
205,Luna media GmbH,
206,BODEN DESIGN Durdu GmbH,
207,C & P Christa GmbH,
208,DEM Jooobs Personal service GmbH,
209,FKI - Führung kräfte Institut GmbH,
210,FHG Klockner Photovoltaikprojektgesellschaft mbH & Co . KG,
211,HETOM Beteiligungs GmbH & Co . Vermietungs - KG,
212,Concentro Management AG,
213,Ava Diaz e . Kfr .,
214,Seitz & Krachowitzer Teamlogistic GmbH,
215,BMN Haus verwaltung GmbH,
216,DATAPOS CCTV ENGINEERING UG ( haftungsbeschränkt ),
217,agra consult GmbH,
218,Auras Maler - und Trocken bau GmbH,
219,Technische Kunststoffe Hennecke GmbH,
220,Heier & Heier Bau gesellschaft mbH & Co . KG,
221,HK Bau projekt GmbH,
222,V . M . Fahrzeug technik e . K .,
223,DORADO Potsdam GmbH,
224,Syngenta Seeds GmbH,
225,Service gesellschaft Klinikum M agdeburg GmbH,
226,gip - GmbH Gesellschaft für Innovative Planung,
227,GT Gardinen Tegel GmbH,
228,Allbo - Verwaltungs GmbH,
229,aspire - tec GmbH,
230,Bierlein & Schwarz GmbH & Co . KG,
231,cbo Computer - und Büro technik vertrieb Oberland GmbH,
232,Jentner Plating Technology GmbH,
233,M + W High Tech Projects GmbH,
234,NotarNet GmbH,
235,beko - pictures UG ( haftungsbeschränkt ),
236,CPS PC - Benutzer service GmbH,
237,GASTRO Betriebs - und Beratungs GmbH,
238,LiLa GmbH,
239,Sparda - Consult Gesellschaft für Projekt - und Innovation management mbH,
240,diMarogi GmbH,
241,DOMICILE INNEN AUSBAU GmbH,
242,Auto mobile Weinhold GmbH,
243,Garten - und Landschaft bau Gaisch GmbH,
244,Catalena Invest GmbH,
245,EDEKA Handels gesellschaft Süd bayern mbH,
246,WESAL Verwaltungs - GmbH,
247,Gemeinnützige Kranken haus gesellschaft des Land kreises Schwan dorf mbH,
248,Jematic Engineering u . Marketing Gesellschaft mit beschränkter Haftung,
249,BAUM Dritte Bank immobilien GmbH,
250,Huskamp GmbH Bau unternehmen,
251,HMS - GELA LTD Zweig niederlassung Deutschland,
252,H & H Bau betreuung gesellschaft mbH,
253,Spielorado - Kinder welt GmbH,
254,A . S . T . - Auto Service Team Schön berg GmbH,
255,Enracon Consulting GmbH,
256,Wein gärtner Freuden stein - Hohenklingen eG,
257,Fair Shoes GmbH,
258,DAS DA Kultur management GmbH,
259,Biotech - PrO Preußisch Oldendorf GmbH & Co . KG,
260,IRF GmbH Ingenieur büro Rolf Flau,
261,W & D Vermögens verwaltung KG,
262,AMORIM CORK DEUTSCHLAND GmbH & Co . KG,
263,Electric King dom Veranstaltung agentur und Musik produktion GmbH,
264,Auto von der Weppen GmbH,
265,the forest dream hotels GmbH & Co . KG,
266,Physio Sport Unternehmer gesellschaft ( haftungsbeschränkt ),
267,Bäckerei Krieger Verwaltung gesellschaft UG ( haftungsbeschränkt ),
268,SaKo Bau GmbH,
269,conSup ferminco trading gmbh,
270,LIVG Leipziger Immobilien Verwaltungs Gesellschaft mbH,
271,BBJ Büro haus GmbH & Co . KG,
272,Kunath Hygiene GmbH,
273,Alterna Bau träger gesellschaft mbH,
274,DataMaze Solutions GmbH,
275,"TUMI , INC . Zweig niederlassung Neuenrade",
276,UTK Verwaltungs GmbH,
277,Martens & Prahl Versicherung kontor GmbH Jena,
278,Gebr . Wachs Verwaltung gesellschaft mbH,
279,pb - con GmbH,
280,Projekt & Marketing Stefan Brückner e . K .,
281,Cellent Finance Solutions AG,
282,HABAU Handels - und Bau GmbH,
283,OEWA Bäder gesellschaft mbH,
284,HTB Haus technik GmbH Branden burg,
285,DIHAG Holding GmbH,
286,"MK Stahl - & Metall bau , Michael Koch e . K .",
287,MELAN macht Märkte,
288,Prignitzer Acker bau und Land milch GmbH Putlitz,
289,Sta - Ro GmbH Event & Location Consulting,
290,Research & Business Consultancy Tires Robert J . F . A . Steinmetz e . K,
291,Bau technik Hohenlohe bth GmbH,
292,Wöhr II Geschäfts führung GmbH,
293,Signature Residential Property Trustee GmbH,
294,Meier Versorgung technik GmbH,
295,A & M Ausbau GmbH,
296,EnNo Consulting GmbH,
297,Regional verkehr Ruhr - Lippe GmbH,
298,MonoGene Prof . Stein GmbH,
299,Trans - Express - Logistik UG ( haftungsbeschränkt ),
300,Erste MVV Mobil funk Vermögens verwaltung gesellschaft mbH,
301,mep GmbH,
302,Value Holdings GmbH,
303,City Gewerbe bau Aktien gesellschaft,
304,Wilhelm Kroder GmbH,
305,KoNaMo - Kompetenz netzwerk Nachhaltige Mobilität eG,
306,C . Hafner GmbH + Co . KG,
307,CTH Consult TEAM Hamburg GmbH,
308,Schmitt Gesellschaft mit beschränkter Haftung,
309,SGB GmbH Wirtschaft prüfung gesellschaft,
310,H M B - Formen bau GmbH,
311,Schmidt Grundstücks verwaltung GmbH & Co . KG,
312,PE Remedial Management AG,
313,SH Beteiligung gesellschaft mbH,
314,German Leatex GmbH,
315,HINZE Fenster und Türen GmbH,
316,T & A GmbH,
317,Fesch Verkehr und Service GmbH,
318,KTS - Technik und Service GmbH,
319,WM Wert stoff management und - handels Gesellschaft mit beschränkter Haftung,
320,Honeyguide GmbH,
321,Cabot Gesellschaft mit beschränkter Haftung,
322,Neißeverkehr GmbH,
323,HM - Beteiligung gesellschaft mbH,
324,Stock Consulting e . K .,
325,ROZOK GmbH,
326,Alfred Neumann GmbH & Co KG,
327,Markus Lauer Gesellschaft mit beschränkter Haftung,
328,Loga OHG,
329,Campa AG,
330,Bau genossenschaft Aichach eG,
331,Nöcker Draht bearbeitung GmbH,
332,ALCAS GmbH & Co . KG,
333,Poly - clip System MB beschränkt haftende OHG,
334,R . S . I . D . Rendite und Substanz Immobilien in Deutschland GmbH,
335,Püttmann GmbH Fertigung technik und Maschinen bau,
336,AQUILA Aviation Vertriebs GmbH,
337,solut KG,
338,ZPG mbH & Co . Z 5 KG,
339,"Traeger Uhren , Juwelen , Schmuck GmbH",
340,AMK Gastronomie betrieb UG ( haftungsbeschränkt ),
341,GRENKE - Stiftung Verwaltungs GmbH,
342,KT . de GmbH,
343,www . Design 4 Home . de e . K .,
344,BMU Computer Consulting GmbH,
345,Auto - Tomandl GmbH,
346,H . Volk UG ( haftungsbeschränkt ) & Co . KG,
347,ACRUM GmbH,
348,STAMA e . K .,
349,Möbel werk Westerloh GmbH & Co . KG,
350,Alpha KS Vermögens verwaltung GmbH,
351,J P Controlling UG ( haftungsbeschränkt ),
352,Leyh Beteiligungs GmbH,
353,Bonner City Park raum GmbH,
354,Concept Media Gesellschaft für Planung und Beratung mit beschränkter Haftung,
355,E . P . M . Werbung + Bau GmbH,
356,NZA - Abbruch GmbH,
357,Coronelle e . K .,
358,Bartz Bedachungen GmbH,
359,IMSTec GmbH,
360,ASCENSUS Gesellschaft für Projekt entwicklung und Vermögens verwaltung GmbH,
361,Kampf LSF Maschinen und Anlagen bau GmbH & Co . KG,
362,Erste WIDe WuG Vermietungs GmbH & Co . Frankonia 1 KG,
363,ENERTRAG Wind feld Kleisthöhe Spitzer Berg GmbH & Co . KG,
364,up 2 date solutions GmbH,
365,K E N music club GmbH,
366,A - Z II Acker mann Zilles GmbH,
367,dental - labor Beyel e . K .,
368,Bange mann Gesellschaft mit beschränkter Haftung,
369,Forster Projekt GmbH,
370,Georg Küfner e . K .,
371,WBV Sachwert - GmbH,
372,A & Z Arbeit schutz - und Zweck bekleidung GmbH,
373,"Elsbeth Forst e . K . , Inhaber : Markus Forst",
374,Werwick IT Ltd . & Co . KG,
375,Haus Plau am See GmbH & Co . KG,
376,Apotheke Ibenhain Inhaber : Apotheker Dieter Dazert e . Kfm .,
377,Doc ' s Service Ärzte - und Labor bedarf GmbH,
378,Typopharma GmbH,
379,Back tage Service GmbH,
380,A . H . Handels GmbH & Co . KG,
381,Rudolf Jatzke Galvanik - Hartchrom Günter Holthöfer GmbH & Co . KG,
382,REMIK GmbH,
383,Anlagen bau Andreas Pörschke GmbH & Co . Betriebs KG,
384,IBE Germany GmbH,
385,DIM Industrie service Nord Verwaltungs GmbH,
386,Emons Holding GmbH & Co . KG,
387,WEIGANG - Primoris - Organisation mittel GmbH,
388,H & S Vermögens verwaltung GmbH,
389,Exarchos & Lohr Technologies GmbH,
390,Thomas Gabel Consulting GmbH,
391,Hans Stolke Bau ausführungen GmbH,
392,Dieling Ferkelaufzucht KG,
393,Jens Werner Verwaltungs UG ( haftungsbeschränkt ),
394,Tollhaus Event + Verwaltungs GmbH,
395,Argus Handel KG,
396,B . Fuhr mann Einzel handel GmbH,
397,Bau genossenschaft München - Schwabing e . G .,
398,Frankonia Beteiligungen GmbH,
399,Metzgerei Richard Ziegler Party service,
400,"Alfons Kohake , Mühlen betrieb e . K .",
401,AED Bau sanierung und Service UG ( haftungsbeschränkt ),
402,smart lemon Verwaltungs GmbH,
403,KAVIS GmbH,
404,flex - work GmbH & Co . KG,
405,Physiotherm Produktions GmbH,
406,KGF technologies GmbH,
407,schoenstatt - tv GmbH,
408,KLT Immobilien KG,
409,Carinthia Beteiligungs GmbH,
410,PRIAMOS Film Beteiligungs - GmbH,
411,KASKA Logistik GmbH,
412,Kappler Verwaltung gesellschaft mit beschränkter Haftung,
413,Beckert Wohnen Bauen Leben GmbH & Co . KG,
414,Verwaltung gesellschaft Hessische Schrauben fabrik Welter & Co mit beschränkter Haftung,
415,eumila GmbH,
416,Buch holz Service GmbH,
417,MarWet GmbH,
418,ThomasLloyd Private Wealth GmbH,
419,Zero 6 Grundstücks verwaltung GmbH & Co . KG,
420,Color Service OHG,
421,IGUSTA - Blech technik GmbH,
422,ikClips GmbH,
423,ROMAJA GmbH,
424,Music Parasites UG ( haftungsbeschränkt ),
425,SRED Immobilien GmbH,
426,PM Fulfillment GmbH,
427,KÖLNDATA Software GmbH,
428,HILLEN TV HIFI SERVICE e . K,
429,stacktrace GmbH,
430,Ruch Vermögens verwaltung GmbH & Co . KG,
431,Ve . liz Management GmbH,
432,AWM Maler betrieb GmbH,
433,Müllner Photovoltaikanlagen GmbH & Co . KG,
434,aetas Personal management GmbH,
435,Schindler Bau träger und Immobilien GmbH & Co . KG,
436,Haus verwaltung Saalekreis GmbH,
437,"KUBTEC - PERFORMANCE OHG Land - , Forst - und Garten technik",
438,IRKU : GmbH & Co . KG,
439,Leximania Trendworld Großhandels GmbH,
440,H & R Auto Bauer oHG,
441,Götz Motor sport UG ( haftungsbeschränkt ),
442,1 MRP GmbH,
443,comucation GmbH,
444,Schrickel Verwaltungs GmbH,
445,Reifen lager 2 4 GmbH,
446,M & K GmbH Immobilien - und Projekt management,
447,Pizzeria Maria - Express UG ( haftungsbeschränkt ),
448,ULTRA PERFORM COATINGS GmbH,
449,Wittkötter Immobilien GmbH & Co . KG,
450,TG Universal Verwaltungs - UG ( haftungsbeschränkt ),
451,"Papenkort , Scheffer & Hermes GmbH",
452,BUB Burghauser Unternehmens beratung GmbH,
453,Easy ABI GmbH,
454,EnBW Real Estate GmbH,
455,Adler - Apotheke Barbara Schröter e . K,
456,WERNER MAYER TRANSPORTE e . K .,
457,Time Plus GmbH,
458,Orthopädie technik Christalle GmbH,
459,Telemos Media GmbH,
460,Alois Bogenschütz Entsorgung und Recycling GmbH & Co . KG,
461,Deich tor hof Verwaltungs GmbH,
462,Jelitta GmbH,
463,AVI Objekt Bebra GmbH & Co . KG,
464,Service Plus GmbH,
465,SE Strom werk Energie dienstleistung GmbH,
466,"Chemo - Sept Biologisch - Chemische Produkte - GmbH , München",
467,JWP Jade Wind park GmbH & Co . XVI . Betriebs KG,
468,Maxsyma Verwaltungs GmbH,
469,"A & C GmbH , Wirtschaft prüfung gesellschaft",
470,LEAD Innovation Deutschland GmbH,
471,Casino Deluxe Beteiligung gesellschaft mbH I,
472,Herker Gala Tief - und Pflaster bau GmbH,
473,raum - z gmbH architekten,
474,Lupin ´ s Lab UG ( haftungsbeschränkt ),
475,ILV - Verwaltungs GmbH,
476,NPL Portfolio Nr . 3 GmbH & Co . KG,
477,MAB Dienst leistung - und Vertriebs - Unternehmer gesellschaft ( haftungsbeschränkt ),
478,Markes GmbH & Co . KG,
479,ACI Ingenieur gesellschaft mbH,
480,Otto Bauckhage GmbH & Co . KG,
481,Traction . IO UG ( haftungsbeschränkt ),
482,Restaurant Kugel ofen Inhaber Milos Michalcik e . K .,
483,JuKo Auto motive GmbH,
484,Tankstelle Claudio Guzzo Foliaro e . K,
485,Priert Paletten service e . Kfr .,
486,APERAM Alloys Germany GmbH,
487,3 G Handels UG ( haftungsbeschränkt ),
488,Mangelberger Elektro technik GmbH,
489,ANNE GORKE GmbH,
490,Apollo Trend Edition GmbH,
491,ALSINO Verwaltungs GmbH,
492,MSH Metall beize + Stahl handels gesellschaft mbH,
493,Allgemeiner Gastronomie geräte handel Schneider GmbH,
494,Andreas Dulger Verwaltungs GmbH,
495,inScenario Verlag und Verlags buch handlung GmbH,
496,Back service Gaux GmbH,
497,Boetker Verwaltungs - GmbH,
498,Chromdruck GmbH,
499,Kronen GmbH Kaffee rösterei und Gastronomie bedarf,
500,WMS Weinevents & Marketing Services GmbH,
501,Delware UG ( haftungsbeschränkt ),
502,Elektro Schmid e . K .,
503,Asco Numatics GmbH,
504,Country u . Mode GmbH,
505,La Luna 2 4 GmbH & Co . KG,
506,steelcon Regensburger Bau konstruktion GmbH,
507,Villa Gerstenberg GmbH,
508,E . T . H . Esser - Textil - Handels - GmbH,
509,Ginotex GmbH,
510,Dowd Bedachungen GmbH,
511,"Gaisendrees GmbH Treppen , Tore , Türen",
512,win : pro Invent GmbH & Co Sieb ente bioenergy KG,
513,Bodywave Service GmbH,
514,ProCura Beratung netzwerk GmbH,
515,Friedrich - Baur - GmbH,
516,Profi Design GmbH,
517,EE Wind park Flerzheim GmbH & Co . KG,
518,DG Kunststoff technik GmbH,
519,Briese Schiffahrts GmbH & Co . KG MS Bantsbalje,
520,ever clean 2 4 GmbH,
521,Caféhaus Besch GmbH,
522,AptidA Unternehmer gesellschaft ( haftungsbeschränkt ),
523,W & S Limited & Co . KG,
524,Fliesen Eckardt Verwaltungs GmbH,
525,DBS Training + Consulting GmbH,
526,BabyOne Beteiligungs - Verwaltungs GmbH,
527,CLW Clausthaler Laser - und Werk stoff technik GmbH,
528,K . H . S . Pharma Holding GmbH,
529,Möbel Franchise - System GmbH,
530,Beringer AG,
531,planTEK Heidelberg GmbH,
532,Anda Handels - und Speditions GmbH,
533,"ddc - Dethloff Diagnostik & Consulting Maschinen diagnose , Meß - u . Sensor technik GmbH",
534,ErSol Solar strom GmbH,
535,Gerhard Engels e . K .,
536,ESADA Immobilien Geschäfts führung GmbH,
537,Zabel Grundstücks gesellschaft mbH & Co . KG,
538,BT Personal GmbH,
539,Okabashi Deutschland GmbH,
540,Weck Tiefbau GmbH,
541,Osten tor - Apotheke Inh . Gabriele Jehn,
542,Tischlerei Kaiser Verwaltungs GmbH,
543,Advanced living Inhaber : Michael Hörling e . K,
544,Philipp Beteiligungs GmbH,
545,G & G Gastronomie GmbH & Co . Frankfurter Allee 44 KG,
546,UNI COMPOSITES GmbH,
547,AKH Alpen blick Klinik Hotzenplotz GmbH & Co . KG,
548,ADM Dienst leistungen GmbH & Co . KG,
549,Personal - u . Immobilien management UG ( haftungsbeschränkt ),
550,Nagel design und Fuß pflege Annette Spieker e . K .,
551,Haus technik - Montagen GmbH,
552,Peter Züfle GmbH,
553,KSI Salomon + Steinborn GmbH,
554,Meier Transport - Service GmbH,
555,TeamHoff UG ( haftungsbeschränkt ),
556,BHI GmbH & Co . KG,
557,RIAG Immobilien besitz Erste GmbH,
558,D & L Dienstleistung und Logistic - 4 You GmbH,
559,REWE - Markt Sieghart oHG,
560,Altes Kreis haus Ahaus GmbH & Co . KG,
561,Elektro Burs GmbH,
562,Stadt werke Wiehl Gesellschaft mit beschränkter Haftung,
563,Trend Network Gesellschaft für digitales Marketing und Markt forschung Aktien gesellschaft,
564,BAUDIS Aktien gesellschaft Bau dienst - und Service leistungen,
565,City Select Immobilien Vermögens verwaltung GmbH,
566,Probau UG ( haftungsbeschränkt ),
567,MWE Bau gesellschaft mbH,
568,Dahlke erste Vermögens verwaltung GmbH,
569,ADB an der Brügge GmbH,
570,Surflay Nanotec GmbH,
571,DeBo Montage bau Verw . - GmbH,
572,GZ Bad Kissingen - Verwaltungs GmbH,
573,GMIT GmbH,
574,Amend Restaurant betrieb Amsinckstraße GmbH & Co . KG,
575,bioleague Verwaltungs GmbH,
576,Gann & Raith Winter garten GmbH & Co . KG,
577,RMA - Asphalt GmbH,
578,Kurt Tweesmann GmbH,
579,Sigma Immobilien Vermittlungs GmbH,
580,Tennis park Stein bach GmbH,
581,EFFECT Bau GmbH,
582,Chemnitzer Gesellschaft für Wohnung bau mit beschränkter Haftung,
583,Cafe Schäper Inh . Monika Fanenstich e . Kfr .,
584,Gebr . Rötzel - Reise dienst OHG,
585,EKS - Technik GmbH,
586,Energie GmbH Verbands gemeinde Dierdorf,
587,Newsmax Medien Gesellschaft mbH,
588,Norbert Gres GmbH,
589,Treugeno GmbH Wirtschaft prüfung gesellschaft,
590,Blick GmbH,
591,Pirminius - Werk gGmbH,
592,Elektro - Zorbau GmbH,
593,Sonnen eck Wein handels - Gesellschaft mit beschränkter Haftung,
594,Container dienst Wagner Gesellschaft mit beschränkter Haftung,
595,GDE Gesellschaft für dezentrale Energie systeme mbH,
596,FrommeConsulting GmbH,
597,Metzgerei Cantz GmbH,
598,Dr . Thilenius Management GmbH,
599,IMVA Grundstücks GmbH & Co . KG,
600,C . A . Möller GmbH,
601,BTVG Würmtal - Unternehmer gesellschaft ( haftungsbeschränkt ),
602,Unterelbe Beteiligung gesellschaft Breuer & Co . OHG,
603,Trantower Agrar GmbH & Co . KG Vorpommern,
604,Salvemus gemeinnützige Gesellschaft für medizinische Versorgung zentren mbH,
605,Herzoglich Sächsische Vermögens verwaltung GmbH,
606,CD Recycling GmbH,
607,Traufen GmbH,
608,Oxalis GmbH,
609,Klemm + Sohn GmbH & Co . KG,
610,Reh GmbH & Co . KG,
611,Activ - Sport Büdelsdorf Verwaltungs GmbH,
612,S & H Bau unternehmen GmbH,
613,Gastro Il Quinto UG ( haftungsbeschränkt ),
614,Birgitt Stedtfeld Vermögens GmbH & Co . KG,
615,AdvantiPro GmbH,
616,Schäfer Trennwand systeme GmbH,
617,DAUTEL BETEILIGUNGS - GMBH,
618,PCS GmbH,
619,C . G . Verwaltungs GmbH,
620,Bücher & Kunst SV GmbH,
621,BBR rail automation GmbH,
622,Expa Objekt Verwaltungs GmbH,
623,Sport und Freizeit GmbH Offenbach,
624,BG Beteiligung GmbH,
625,KIMESSA GmbH,
626,Silica Anlagen bau GmbH & Co . KG,
627,ABS Meiller GmbH,
628,Stresow Zucht Eins GmbH,
629,Möbel haus G . L . Röthing GmbH,
630,Wolff - Energie park GmbH & Co . KG,
631,TechWerks GmbH,
632,Elektro - Heikaus Gesellschaft mit beschränkter Haftung,
633,GISA GmbH,
634,Btplustel GmbH,
635,TAD INOX SERVICE GMBH,
636,C . Stein weg Gesellschaft mit beschränkter Haftung,
637,GETS - Logistik GmbH,
638,Auto haus M . Gründel e . K,
639,Acker manns Handels kontor GmbH,
640,TriStar Vermögens verwaltung GmbH,
641,HS Helios GmbH & Co . Photovoltaik KG,
642,Apotheke im real e . K .,
643,Armin Stoltenberg Grundstücks erschließung gesellschaft mbH,
644,Westpfälzische Schrott handels gesellschaft mbH,
645,LUMA Verwaltungs UG ( haftungsbeschränkt ),
646,D . M . BAUCONSULTING GmbH,
647,CORDELIA Verwaltung gesellschaft mbH,
648,Auto handels & Technik GmbH Zschopau,
649,Kultur club Media GmbH,
650,Corinna Mosler - Jakobsohn Kosmetik vertrieb e . K .,
651,my Deco GmbH,
652,Photon Energy Operations DE SW GmbH,
653,CONLINK Versicherung dienste GmbH,
654,Michael Christ Unternehmer gesellschaft ( haftungsbeschränkt ),
655,Bibliothek verband Mittel franken e . V . - Bücher dienst,
656,MBVI - UG ( haftungsbeschränkt ),
657,Önel Trade GmbH,
658,Bernini Milano Retail GmbH,
659,Gebäude reinigung betrieb Elfriede Möhle KG,
660,Cyoshi Crucial GmbH,
661,Sascha Schneeweis UG ( haftungsbeschränkt ),
662,Gebrüder Haldan GmbH & Co . KG,
663,Desjoyaux Pools Freising GmbH,
664,PS - Logistik e . Kfr .,
665,Reffelmann Liegenschaften Verwaltungs GmbH,
666,SieAne Information systeme & Consulting GmbH,
667,Ferien wohnung - und Zimmer vermietung Inhaber Christina Oelgardt e . K .,
668,Märkl Verwaltungs - GmbH,
669,B . F . G . Beton - Förder gesellschaft mit beschränkter Haftung Aachen - Düren - Jülich,
670,Michel - Treuhand GmbH Wirtschaft prüfung gesellschaft,
671,BON POOL IDM Franz GmbH,
672,1 3 . EDG Grund besitz gesellschaft mbH & Co . KG,
673,Konrad Stippler Vermögens verwaltung GmbH & Co . KG,
674,PCP - Finanz planung e . K .,
675,Gebr . Sommer berg GmbH,
676,Das Stadtidyll Stefan Heinrich e . K .,
677,Achte MPC Best Select Private Equity GmbH & Co . KG,
678,CPS Computer vertrieb programmierung - Service GmbH,
679,Apomedicus Vermietungs - und Beratungs GmbH,
680,ACZEPTA Haus St . Landelin GmbH,
681,Contempora Musik produktion und Musik verlag GmbH,
682,GIK Gesellschaft für Immobilien und Kapital verwaltung mbH & Co . EINKAUFS ZENTRUM LAMPERTHEIM KG,
683,ELINKA Maintenance GmbH,
684,Johann Zillinger Möbel haus Gesellschaft mit beschränkter Haftung,
685,El Conquistador UG ( haftungsbeschränkt ),
686,cbtec e . K .,
687,Diamant 1 4 2 . ( Einhundertzweiundvierzigste ) GmbH,
688,Frank Pittner Verwaltungs GmbH,
689,Erste BLPG Beteiligungs - und Lizenzpool GmbH,
690,Bilfinger Real Estate Fonds management GmbH,
691,Burchert GmbH,
692,ASEKO GmbH,
693,Cordes & Graefe Bremen KG,
694,"Hans Sporer GmbH , Rosen heim",
695,sportsresearch & analytics GmbH Datamanagement & Advanced Statistical Research,
696,Adunia Deluxe GmbH,
697,ratisbona rent a car GmbH,
698,Berg mann OHG Brennstoffe - Heizöl - Transporte,
699,tranxx schwebe bad & massage welt GmbH,
700,MA Gebäude management GmbH,
701,AW Construct Planungs KG,
702,BI Gaststätten betriebs GmbH,
703,Spranz GmbH,
704,Sozial - und Sonder bauten GmbH,
705,NSCGLOBAL GmbH,
706,BONUS Nord West GmbH,
707,P . V . U . Service und Consulting Gesellschaft mit beschränkter Haftung,
708,Terra Property GmbH & Co . KG,
709,Johann Edenhofer Verwaltungs - GmbH,
710,König GmbH - Stahl bau - Schlosserei,
711,Stryker Beteiligungs GmbH,
712,Frey Treffpunkt Verwaltung gesellschaft mbH,
713,Benchpark GmbH & Co . KG,
714,Emil Minuth & Co . Abwicklung gesellschaft mbH i . L .,
715,"Georg Haimerl , Inh . Martina Haimerl e . K .",
716,BEKA Holz werk AG,
717,Move & Work Interactive GmbH,
718,Dr . Kramps Beteiligungen GmbH,
719,Aquacert KG,
720,Nivona Apparate GmbH,
721,bioenergy systems GmbH,
722,E . Richard Thieme GmbH,
723,Markt jagd GmbH,
724,TACT Handels GmbH,
725,Oasis Travel GmbH,
726,Vangerow GmbH,
727,H & S Abbruch GmbH,
728,A & H Bau GmbH,
729,BSS Verwaltung gesellschaft mbH,
730,Karola Krüger Beratungs UG ( haftungsbeschränkt ),
731,Küsin Transporte Gesellschaft mit beschränkter Haftung,
732,Backsolution - Physio UG ( haftungsbeschränkt ),
733,Ulmer - Kemo GmbH & Co . KG,
734,Adi ConsumerFinanz GmbH,
735,Gebrüder Heinz - Herr mann und Georg Michel GmbH,
736,Consulting People Unternehmens beratung GmbH,
737,Menzel & Paul GMBH Immobilien Consultants,
738,Autocentrale ACS GmbH,
739,Sultan Palace GmbH,
740,DRD Kohlen bergwerk Automation GmbH,
741,DayMen Verwaltung gesellschaft mit beschränkter Haftung,
742,Bongartz Gesellschaft mit beschränkter Haftung,
743,Sünkel Verwaltungs GmbH,
744,Tegtmeier Gastronomie UG ( haftungsbeschränkt ),
745,banner stop GmbH,
746,Augusten felder Wasser kraft - GmbH,
747,WS Industrie bedarf e . K .,
748,AGRAVIS GUS Holding GmbH,
749,Elektro haus Dietrich Haag GmbH,
750,tohacris GmbH,
751,CCM Verwaltungs GmbH,
752,Rau Haus technik GmbH,
753,Diakonische Einrichtungen der Evangelischen Frauen hilfe im Rheinland gGmbH,
754,BREBUS Bremen Business Centers - und Beteiligungs KG,
755,WHAANAU Veranstaltung technik GmbH,
756,"Haus verwaltung Stern , Inhaber Frank Bauer e . K .",
757,Berolina Bau service - Tiefbau und Landschaft bau GmbH,
758,GSA GmbH & Co . Immobilien Verwaltungs KG,
759,Neuhäuser Berlin Immobilien GmbH & Co . KG,
760,Schützen haus Stadtroda Betriebs gesellschaft UG ( haftungsbeschränkt ),
761,Netz giganten - IT Solutions GmbH,
762,Michael Löffel holz GmbH,
763,Elite - Gewerbe park GmbH,
764,Drebber Bürger wind park GmbH & Co . KG,
765,IVS Direct Mail Service + Druckerei Abele GmbH,
766,EPG GmbH Planung büro für Elektro - und Gebäude technik,
767,Widmann & Bäuerle GmbH,
768,JRH Jürgen Ronald Hill e . K .,
769,F + A Haus bau GmbH,
770,Ulrich Schumacher & Co . GmbH,
771,ProDialog GmbH,
772,Hans Böhne Waren haus KG,
773,Hager International GmbH,
774,bc - technology GmbH,
775,HSD Industrie beläge GmbH,
776,connected 2 000 Gesellschaft für digitale Medien mbH,
777,ad - cetera Werbe agentur Düssel dorf GmbH & Co . KG,
778,Casetta - Mode boutique Renate Haß mann,
779,Roth Steuerung technik GmbH,
780,"Dipl . - Ing . Harald Ranft Gesellschaft von Architekten mbH , Berlin",
781,DOMDECADE UG ( haftungsbeschränkt ),
782,John Sisk & Son GmbH,
783,CMZ Germany GmbH,
784,Damazyn Internationale Transporte GmbH,
785,M . G Lifetime GmbH,
786,Beziehung dinge UG ( haftungsbeschränkt ),
787,HKI Immobilien GmbH & Co . KG,
788,Krieg Consult med GmbH & Co . KG,
789,Raiffeisen Verwaltung gesellschaft Aschaffenburg mbH .,
790,YourMakler GmbH & Co . Verkauf und Vermietung von Immobilien KG,
791,bethinki UG ( haftungsbeschränkt ),
792,Kanga Autofairmietung UG ( haftungsbeschränkt ),
793,Schlachthof - Torgau - GmbH Gesellschaft mit beschränkter Haftung,
794,Hanke Prüf technik Gesellschaft für Prüfstand und Automatisierung technik mbH,
795,HB Recycling GmbH,
796,Berg hof Holding GmbH & Co . KG,
797,INFORMA Verwaltung gesellschaft mbH,
798,Wohnungs - Genossenschaft Köln 1 8 9 6 eG,
799,TONBELLER Info ware GmbH,
800,Gast haus Bund GmbH,
801,Ferdinand Lusch GmbH & Co . KG,
802,4 HPL Management GmbH,
803,SHS Südharzer Service gesellschaft mbH,
804,WMCD Gesellschaft für Handel & Projekt entwicklung mbH,
805,Il vecchio tribunale Ristorante GmbH,
806,Kanitz Sanitär und Heizungs GmbH,
807,v . T . Luft technik GmbH,
808,Projekt gesellschaft Borgmannstraße 1 6 mbH,
809,Drachen fels see 9 6 2 . V V GmbH,
810,Binz Verwaltungs - GmbH,
811,Scarpato GmbH,
812,BLITZ Internet GmbH,
813,Bridget Bell - Country Style e . K .,
814,Diener automation Verwaltungs - GmbH,
815,Steiner ( Deutschland ) GmbH,
816,Kayser Landschaft bau GmbH,
817,Erste Maxxtec Projekt GmbH & Co . KG,
818,Salux Netzwerk GmbH,
819,Restaurant La Gamba Conrado Canet Salgado und Co . Gastronomie - und Handels gesellschaft KG,
820,KKP Haus verwaltung GmbH,
821,Ebitsch Solar Verwaltungs UG ( haftungsbeschränkt ),
822,FOLIEN PRINT RAKO GmbH,
823,D & W Kies - und Sand abbau GmbH,
824,ATV Ausbildung zentrum für Transport u . Verkehrs wesen - GmbH,
825,SvK internationales kaufmännisches Projekt management GmbH,
826,Euro - Cities Aktien gesellschaft,
827,Veni Unternehmens beratung GmbH,
828,B . L . E . Immobilien UG ( haftungsbeschränkt ),
829,RStores GmbH,
830,amily GmbH,
831,Pokorny Bedachungs GmbH,
832,DNA Tours GmbH,
833,Hamacher Projekt - Entwicklung gesellschaft mbH,
834,Auto service Becker e . K .,
835,SUNTANA Sonnen studio OHG,
836,Artos elektrotechnische Großhandels Gesellschaft mit beschränkter Haftung,
837,Abfall wirtschaft Nordharz GmbH,
838,H . M . Logistik UG ( haftungsbeschränkt ),
839,Controlution GmbH,
840,Tier produktion Haffküste GmbH,
841,en . regio wind GmbH,
842,Böger Verwaltungs - GmbH,
843,Gesellschaft für Verbraucher informationen mbH .,
844,CONCEPT HOME BÖYER UG ( haftungsbeschränkt ),
845,SM SACHSEN MOTOR GmbH,
846,EDITION TONGER GmbH,
847,thermik sensor technics GmbH,
848,Funk Däuble AG,
849,MotheR Verwaltungs - GmbH,
850,ESK Einrichtung Service Kitzrow GmbH,
851,Xaver Scheingruber und Partner GmbH,
852,pharma : med Solutions GmbH,
853,ML 55 Trust Verwaltungs GmbH,
854,AudioVideum e . K .,
855,Olympia Spiel automaten verwaltung gesellschaft mbH,
856,Drachsler Immobilien UG ( haftungsbeschränkt ) & Co . KG,
857,GUMA Gesellschaft für Unternehmens marketing mbH,
858,GKB Bau - Management Perle berg GmbH,
859,FC Schalke 0 4 Arena Management GmbH,
860,"Andreas Heckelmann Garten - , Tief - und Landschaft bau / Pflaster hand werks betrieb e . K .",
861,Michael Wolf oHG,
862,cor 3 6 . GmbH & Co . KG,
863,REDINET Burgen land GmbH,
864,SHS - Stapler - Handels - und Service GmbH,
865,Martin Gans GmbH,
866,VTplus GmbH,
867,Huhtamaki Achte Beteiligungs GmbH,
868,Hungener Käse scheune GmbH,
869,ANTAN RECONA GmbH & Co . 4 . Vermögens verwaltung KG,
870,NEW LINE Brand Communication GmbH,
871,Brando Verwaltungs GmbH,
872,Kaddy Services & More Inhaber Michael Bär wald e . K .,
873,Intertitle Films GmbH,
874,Wippertus - Bau service Kölleda GmbH,
875,Ost 2 rad Verwaltungs GmbH,
876,Die Druckwerker GmbH,
877, Gaststätte Zur Linde  Inhaber Mandy Köhler e . K .,
878,Losse Verwaltungs GmbH,
879,Medien technik B & H GmbH,
880,Janitzki Consult UG ( haftungsbeschränkt ),
881,Weizen feld Grundstücks gesellschaft mbH,
882,Dr . Franzen Grundstücks verwaltung GmbH,
883,Wind power Pilsach 4 GmbH & Co . KG,
884,Sixth Sense GmbH,
885,CFC INFORMATION TECHNOLOGIES DEUTSCHLAND GmbH,
886,Sol - Invest Bär GmbH,
887,Pamatec Hönnige Papier maschinen technik GmbH,
888,Korrosions - und Bau schutz Heinrich Schmid Verwaltungs - GmbH,
889,Bau - Büro 2 4 Unternehmer gesellschaft ( haftungsbeschränkt ),
890,SGV GmbH,
891,UNI GmbH & Co . KG Betriebs gesellschaft Körner,
892,Jakob Schlimbach GmbH & Co . KG,
893,Orthopädie - Schuh technik Empor Laube gast OHG,
894,nidsa . net GmbH,
895,DPV GmbH,
896,smartSKIN GERMANY UG ( haftungsbeschränkt ),
897,NOSCO Grundstücks - Vermietung gesellschaft mbH & Co . Objekt Alzey KG,
898,DLC Oschersleben GmbH,
899,CardConcept Plus UG ( haftungsbeschränkt ),
900,"HUMARES GmbH Forschung , Entwicklung , Herstellung und Vertrieb Elektronisch - medizinischer Geräte",
901,ALBA Nord GmbH,
902,"Credo UG ( haftungsbeschränkt ) Marketing , Logistics & Consulting Company",
903,Depolt Immobilien Verwaltung gesellschaft mbH,
904,GMH Kran technik GmbH,
905,DTH Delphi Trading House GmbH,
906,DBG Druckerei - Betriebs - GmbH,
907,C & W Vermögens beteiligung KG,
908,Bio energie Schwinge Verwaltungs GmbH,
909,Pusch Wahlig Legal Partnerschaft von Rechts anwälten,
910,Gent . e . K .,
911,FABIUS Privatärztliches Abrechnung institut GmbH,
912,HL Mitarbeiter - Beteiligung gesellschaft mbH,
913,ATEC Personal dienst leistungen GmbH,
914,Becker & Karsten UG ( haftungsbeschränkt ),
915,Ambulante Krankenpflege und Haus pflege Gatz und Zippel GmbH,
916,Stil & Kamm GmbH,
917,Feld mann Verwaltung gesellschaft mbH,
918,Deutscher Notar verlag Geschäfts führung - GmbH - Fach verlag für Notare,
919,A . T . U Auto - Teile - Unger Zweite Handels UG ( haftungsbeschränkt ),
920,Vacura GmbH,
921,Holz Kemper GmbH & Co . KG,
922,FLEX Fonds Objekt gesellschaft Braunsbedra KG,
923,industria herbarum Gesellschaft für Umwelt technologien UG ( haftungsbeschränkt ),
924,Frauenrath Bau GmbH & Co . KG,
925,INKO Verwaltungs GmbH,
926,Manoa Ventures GmbH,
927,H & H Personal dienst GmbH,
928,Montage - Service - Navratil GmbH,
929,Konradin IT - Verlag GmbH,
930,LoGeTec Chemie & Technik e . K .,
931,BWG Bürger wind park Groß beeren GmbH,
932,Siebte SÜDEWO Verwaltungs GmbH,
933,Warburg Pincus Deutschland GmbH,
934,HUSKELAPP Vermögens verwaltung gesellschaft mbH,
935,VON SCHRADER Reinigung maschinen Gesellschaft mbH,
936,MoneVita GmbH,
937,"Contreu Unternehmens beratung gesellschaft mbH , Wirtschaft prüfung gesellschaft",
938,ARTIC GmbH,
939,EuroSoft System haus GmbH,
940,Markt - Apotheke Inhaberin Doris Mostofizadeh - Haghighi e . Kfm .,
941,Rettinger GmbH,
942,BAUSEN GmbH,
943,Physiotherapie Gemeinschaft praxis Kolbe & Eyermann Partnerschaft,
944,Wohnung unternehmen Nürnberg - Ost e . G .,
945,Hoppe + Röhrl GmbH & Co . Kommanditgesellschaft,
946,Wunder kind Communication GmbH & Co . KG .,
947,ZAHNMANUFACTUR GESCHÄFTS FÜHRUNG GMBH,
948,evonos Verwaltungs GmbH,
949,J . Knittel Söhne Beteiligung gesellschaft mbH & Co . KG,
950,Moll straße 3 1 Immobilien GmbH,
951,Equip - Eventlogistik und Großbestuhlungen GmbH,
952,Star gas Deutschland KG,
953,AST RUM IT GmbH,
954,René Garraud ( Deutschland ) GmbH,
955,Danish Taxen betrieb e . K .,
956,AS Abwicklung gesellschaft mbH,
957,Egonamics GmbH,
958,REMS - WERK Christian Föll und Söhne GmbH,
959,AMykor GmbH,
960,Cremer Transporte GmbH & Co . KG,
961,CM UG ( haftungsbeschränkt ),
962,Exxito Holding GmbH,
963,Spedition Hart mann GmbH & Co . KG,
964,ABC Kranken fahrten Herford GmbH,
965,MEKY GmbH & Co . KG,
966,Akademie für Handel und Logistik GmbH,
967,AppLads Solutions GmbH,
968,Bestattung haus B . Luckow GmbH,
969,Schäfer Einrichtung systeme Ltd . & Co KG,
970,Autenrieth Beteiligungs GmbH,
971,Menzel & Krause Verwaltungs - GmbH,
972,pulsavis GmbH,
973,PA Consulting Group GmbH,
974,Garten - und Landschaft bau Bullerjahn + Kunze GmbH,
975,Reiner Weigand Fuhrbetrieb und Bau stoff handel e . K .,
976,IT - aid GmbH,
977,Bio energie Holte GmbH & Co . KG,
978,Baranek GmbH,
979,Basalt - und Beton werk Eltersberg Verwaltung gesellschaft mbH,
980,"Wochen post Verlag GmbH , Berlin",
981,Prinz - Carl Vertriebs GmbH,
982,Auto haus Hartung Inh . Udo Hartung e . K,
983,Sauer bruch Hut ton General planung gesellschaft mbH,
984,ELEKTROTECHNISCHE PLANUNG SPITZKE GmbH ( EPS ),
985,Picco Bello Service Plus KG,
986,Cardpoint GmbH,
987,SHG SAKRESIV Hanau GmbH,
988,Immo - Mediär KG,
989,Gusto Management GmbH,
990,BPG - Bau Plan Gesellschaft REAKON GmbH,
991,CONVENIO Grund besitz Verwaltungs - GmbH,
992,Yixue Deutschland GmbH,
993,WF Bau GmbH,
994,Profos AG,
995,Seidlitz Heizung bau und Sanitär GmbH,
996,Prox - Vertriebs GmbH,
997,MBV Vermietung gesellschaft mbH,
998,GTSP Verwaltungs GmbH,
999,Progenda Vertriebs - und Beratungs - UG ( haftungsbeschränkt ),
1000,RMH Verlags GmbH,
1001,fashion kiss Mode vertriebs GmbH,
1002,SBO Service Unternehmer gesellschaft ( haftungsbeschränkt ),
1003,"ELMO Wolfs burg , Poststr . 6 GmbH",
1004,nkt Immobilien Verwaltung GmbH,
1005,EURECA Meßtechnik GmbH,
1006,NAF Industrie montage GmbH,
1007,Ferd . Braselmann GmbH u . Co . KG Gesenkschmiede,
1008,Seibel Gesellschaft mit beschränkter Haftung,
1009,GOP Gastronomie gesellschaft Geschäfts führung - GmbH,
1010,Fortuna Immobilien GmbH,
1011,Forst haus Auerhahn GmbH,
1012,BTH Nord OHG,
1013,Büro service 2 4 UG ( haftungsbeschränkt ),
1014,biodentis GmbH,
1015,Pedisanus GmbH,
1016,Dr . Kühner GmbH,
1017,Personal team Rhein - Ruhr GmbH,
1018,Hotel Hohenlohe Besitz GmbH & Co . KG,
1019,Reiter Fliesen Stein GmbH,
1020,ALLBEG GmbH,
1021,Goliath Show & Promotion Gesellschaft mit beschränkter Haftung,
1022,Hoven Kabel Verwaltungs - GmbH,
1023,HMA Splietker Immobilien GmbH & Co . KG,
1024,NevaDATA GmbH,
1025,Christoffers Onshore and Subsea GmbH,
1026,J . R . Malerwerkstaette Limited & Co . KG Zweig niederlassung Deutschland,
1027,Kindler Beteiligungs GmbH,
1028,Dipl . - Ing . R . Zwilling Ingenieur büro für Bau wesen GmbH,
1029,#NAME?,
1030,TRANSEUROPA LOGISTIK UG ( haftungsbeschränkt ),
1031,edukativ direkt GmbH,
1032,Merschbrock V & P Vertrieb und Projektierung GmbH,
1033,LRS Vermögens verwaltung gesellschaft mbH,
1034,Frank Löffler - Elektro - Löffler e . K .,
1035,Wein mann Haus verwaltung GmbH,
1036,Sankopie Zeitz Werner Buschner KG .,
1037,Mittel stands wissen Services GmbH,
1038,SPARK Werbe agentur GmbH,
1039,DSG Dohmen Auto handels gesellschaft mbH,
1040,mirecs Technologie partner GmbH,
1041,texsport e . K .,
1042,diges - Gesellschaft für Wohnung wirtschaft und Stadt forschung mbH,
1043,Zazem Cologne UG ( haftungsbeschränkt ),
1044,Clibss UG ( haftungsbeschränkt ),
1045,Die liefer BAR GmbH,
1046,Wachendorff Automation GmbH & Co KG,
1047,Isar Getriebe technik KG,
1048,Klaus Wangen Design GmbH,
1049,Faktor zwei Computer + Systeme GmbH,
1050,Holz werk Dahlen Beteiligungs - GmbH,
1051,STAR - BAG GmbH,
1052,Kruno Simovic UG ( haftungsbeschränkt ),
1053,IMEX SÜD AMERIKA e . K .,
1054,Zentra - Bau träger gesellschaft mbH,
1055,ZDF Werbe fernsehen GmbH,
1056,Bio gas Behrenhoff Verwaltungs - GmbH,
1057,MFEH Capital UG ( haftungsbeschränkt ),
1058,BAUEXPERTS Sachverständigen gesellschaft mbH,
1059,Bekor Musik verlag OHG,
1060,BTS Scholz UG ( haftungsbeschränkt ),
1061,Appel GmbH,
1062,FAIRCUT cutting solutions GmbH & Co . KG,
1063,Bassil Group GmbH & Co . KG,
1064,B . Lu GmbH,
1065,Outdoorwelt GmbH,
1066,Ludwigsfelder Logistik GmbH,
1067,Heinrichshöhe GmbH,
1068,tropextrakt GmbH,
1069,Andreas Carstens Gesellschaft mit beschränkter Haftung,
1070,RS Grundstücks verwaltung - und Beteiligung gesellschaft mbH,
1071,Croma Handel & Vertriebs GmbH,
1072,Cocoon Fitness Club GmbH,
1073,Perkey Internet dienstleistung UG ( haftungsbeschränkt ),
1074,Kraftfahrzeug - Service - Center GmbH,
1075,Pegasus Rendite Solar park Sachsen GmbH & Co . KG,
1076,DSH Dentale System - und Handels GmbH,
1077,Deutsche Gesellschaft für Vorsorge mbH,
1078,RAILROAD TRACKS GmbH,
1079,Wilhelm & Wiczynski Elektro installation GmbH,
1080,RMH Management Consulting GmbH,
1081,FINANZ - KONZEPT Makler - Gesellschaft m . b . H,
1082,Elbe - Trans Verwaltungs GmbH,
1083,Erlebnis welt Renaissance Projekt entwicklung GmbH,
1084,Bernd Habben Verwaltung von Wohnung eigentum e . K .,
1085,Porsche Financial Services Verwaltung gesellschaft mbH,
1086,Popp & Kloos Immobilien gesellschaft mit beschränkter Haftung,
1087,Neckar - Apotheke Apothekerin S . Arndt - Sitter e . K .,
1088,trends @ trades Verlags GmbH,
1089,Reifen dienst & Auto service Siptroth GmbH,
1090,Milch hof Meetzen KG,
1091,Karl Seelbach GmbH & Co . KG,
1092,Poller Steinbrüche Verwaltung gesellschaft mit beschränkter Haftung,
1093,HH Grundstücks - Vermietung gesellschaft mbH,
1094,TEACH TECH Teachware Technology GmbH Computergestützte Lern systeme,
1095,Vereinigte Fach verlage GmbH,
1096,Eisen blätter GmbH & Co . KG i . L .,
1097,M 2 9 Immobilien management UG ( haftungsbeschränkt ) & Co . KG,
1098,BBTec Industrie technik Vertrieb GmbH,
1099,PWSC Professor Steffen Consulting GmbH,
1100,Sofis GmbH & Co . KG,
1101,Elomech Elektro anlagen GmbH,
1102,Ullrich GmbH & Co . KG,
1103,Wein labor Edith Kessler GmbH,
1104,Erich Haas Feuer lösch bedarf,
1105,GFP Dialog Gesellschaft für Produkinformation mbH,
1106,"Wehre tal Apotheke , Inhaberin Elisabeth Schmidt e . Kfr",
1107,Reichel Service GmbH,
1108,"Heptig Land maschinen e . K . , Inh . Ewald Heptig",
1109,Türme Unlimited UG ( haftungsbeschränkt ),
1110,Kontor gruppe Verwaltungs - GmbH,
1111,NENAG oHG,
1112,Württembergische Immobilien Aktien gesellschaft,
1113,Air Berlin Fünfte Flugzeug GmbH,
1114,Joseph Angcaya e . K,
1115,St . Mauritius - Apotheke Stephan Müller e . K .,
1116,NKG Grundstücks GmbH & Co . Schillerpromenade 3 6 KG,
1117,Alt haus Draht form technik GmbH,
1118,Richter Trade & Invest GmbH,
1119,BBK UG ( haftungsbeschränkt ),
1120,Drei zehnte Topos Vermögens verwaltung gesellschaft mbH,
1121,Felder Industrie technik GmbH,
1122,WKS Werkzeug fabrik Karl Scharfenberg GmbH & Co . KG,
1123,PIV - Projekt management Immobilien Verwaltung René Eichner e . Kfm,
1124,Schöner Reisen GmbH Reise büro,
1125,MHM Verwaltungs - GmbH,
1126,FJL UG ( haftungsbeschränkt ),
1127,Landwirtschaft betrieb Kruth KG,
1128,BabyGO Baby Products GmbH,
1129,AML - Dienst leistungen GmbH,
1130,Jepson Power GmbH,
1131,ORGA Systems Holding GmbH,
1132,Service mann Service & Vertriebs GmbH & Co . KG,
1133,STRUCTURA Planung + Vertrieb von Bau konstruktionen GmbH,
1134,DRSRE Verwaltung gesellschaft mbH,
1135,apo - rot GmbH,
1136,Frings Polster möbel GmbH,
1137,PlaSil GmbH & Co KG,
1138,AA Niebüll - Immobilien GmbH & Co . KG,
1139,mertus 1 9 6 . GmbH,
1140,A . Markovski GmbH,
1141,Angel geräte Wilkerling GmbH & Co . KG,
1142,C U GmbH,
1143,REITZKLIMA e . K .,
1144,HELIOS Park - Klinikum Leipzig GmbH,
1145,Christborn GmbH,
1146,"AVB , Arbeit kreis Versicherungen und Finanz - Beratung - Assekuranz kontor - GmbH",
1147,Brüschke - Versicherung büro - GmbH,
1148,KGS Service GmbH & Co KG,
1149,PROMINT / Dienstleistung gruppe Neuruppin GmbH,
1150,Dein Brief UG ( haftungsbeschränkt ),
1151,"DBO - Böttcher Beton - , Bohr - & Säge arbeiten GmbH",
1152,Bernhard Freitag Sanitär - und Heizung bau GmbH,
1153,Ärzte haus Rudolf Virchow Arzt praxen Gesellschaft mbH & Co KG,
1154,regiodirect GmbH,
1155,Ingenieur büro Gaal + Gaal GmbH,
1156,Automation - Consult Verwaltungs - GmbH,
1157,NUCLEUS Entertainment GmbH,
1158,Fahrschule Mayr GmbH,
1159,"DIVA Deutsche Immobilien , Verwaltungs - und Anlage gesellschaft mbH",
1160,Charmy - Brandmeyer GmbH,
1161,THR XXVIII Hotel - Betriebs - und Beteiligung gesellschaft mbH,
1162,Babylonstoren GmbH,
1163,"Progranus Land wirtschaft KG Flohr , Garben - Mogwitz , Köhler , von Rössing",
1164,Regenerative Energie werke Vörier Berg Erste GmbH & Co . KG,
1165,Skylane GmbH,
1166,Verlags gesellschaft Unser Wald mit beschränkter Haftung,
1167,BBZ Berufs bildung zentrum Fulda GmbH,
1168,Schlee GmbH & Co . Management KG,
1169,ARC Aktien Research & Consulting GmbH,
1170,A . L . M . Europäische Freizeit akademie GmbH,
1171,GRR Portfolio VIERUNDZWANZIG GmbH & Co . KG,
1172,IFMO - Institut für Management - und Organisation beratung GmbH,
1173,Press & Tobacco Store GmbH,
1174,Annette Huhn Versicherung vermittlung GmbH,
1175,Eickhoff Beteiligungs - GmbH,
1176,StoREgio GmbH,
1177,juwi Wind energie GmbH & Co . S + S III KG,
1178,Karl - Heinz Schmidt & Co . oHG,
1179,Kovac Verwaltungs GmbH,
1180,ZALON BAU UG ( haftungsbeschränkt ),
1181,Tongariro Consulting GmbH,
1182,"Apotheke in Lipperreihe , Inhaberin Apothekerin Claudia Witte e . K .",
1183,Energie zentrale Universität klinikum Gießen GmbH,
1184,Helmut Heske GmbH,
1185,EEA - Dr . Schäffler Germany GmbH,
1186,BALTIC STEIN UG ( haftungsbeschränkt ),
1187,IT Consult + Service Limited,
1188,Credopard GmbH,
1189,Bayern land GmbH,
1190,Hubert Vermietungen GmbH & Co . KG,
1191,Holz apfel Coating Westerburg GmbH,
1192,"Schlenker Verwaltungs - GmbH , Rathenow",
1193,Hörgeräte studio Czmok Gesellschaft mit beschränkter Haftung,
1194,Roth Bier Logistik GmbH,
1195,TRANSMARKETING Verkaufs förderung Verwaltung GmbH,
1196,Schäfer Druck & Verlag GmbH,
1197,DELTEC Holding GmbH,
1198,Braunmühl Immobilien GmbH & Co . KG,
1199,Spinell Grundstücks verwaltung gesellschaft mbH,
1200,AC Grund besitz verwaltung gesellschaft m . b . H .,
1201,Philiacare - House Vermietungs - und Immobilien gesellschaft mbH,
1202,Reise dienst Parchim GmbH,
1203,Königs hütte Industrie denkmal UG ( haftungsbeschränkt ),
1204,Sum GmbH,
1205,Spiel waren Steibert e . K .,
1206,GEROH Verwaltungs - GmbH,
1207,Music - Academy Frankfurt GmbH,
1208,Leicht bau - Zentrum Sachsen GmbH,
1209,A + E GmbH,
1210,HTK GmbH Handel u . Transport logistik für innovative Konzepte,
1211,AKBO Fuß boden technik GmbH,
1212,Sörens Kauf lust GmbH & Co . KG,
1213,Tuning - Fred Handels gesellschaft m . b . H .,
1214,Sanistance Kranken - und Pflege service GmbH,
1215,Benz Haushalts waren e . K .,
1216,Sinotrans Air Transportation GmbH,
1217,AB - Motowear GmbH,
1218,RS Energie & Handel GmbH,
1219,Fest werk GmbH,
1220,P + S Pulver beschichtung - u . Staub filter anlagen GmbH,
1221,Bergedorfer Schornsteinfeger GJ GmbH,
1222,J . J . Verwaltung agentur GmbH,
1223,IngDoc BSystems GmbH,
1224,Agentur Seidel GmbH International Eventmanagement und Marketing,
1225,Kalla Grundstücks verwaltung gesellschaft mbH,
1226,Burg Weg berg Catering GmbH,
1227,PHR Pro - Histo - Race GmbH,
1228,Auto verwertung Berg GmbH,
1229,Horst Klöppner Inh . Frieda Klöppner e . Kfr . Abbruch unternehmen Industrie - Abwrack - Betrieb,
1230,Seiler Bauspenglerei GmbH,
1231,Auktion haus an der Ruhr GmbH,
1232,TEG - Shop UG ( haftungsbeschränkt ),
1233,Angel zentrum Zielow GmbH,
1234,PMO Büro service GmbH,
1235,J . Petschko Verwaltungs GmbH,
1236,KUK Verwaltungs - GmbH,
1237,Grassl Grund besitz GmbH,
1238,BRV Bau stoff - Recycling und Vertriebs GmbH,
1239,Experts - Go - Europe GmbH,
1240,Weber Ingenieur - Büro für Stein technik Gesellschaft mit beschränkter Haftung,
1241,Bau leitung - Service Limited,
1242,C . D . Wälzholz - Kern - Liebers GmbH,
1243,EHF Gesellschaft für General planung + Bau management mbH,
1244,Namdar Cankaya Electronics GmbH,
1245,Zippel AG,
1246,Deratech GmbH,
1247,Alamond GmbH,
1248,emvConsult Beratung und Management GmbH,
1249,MoMa 1 . Beteiligung gesellschaft mbH,
1250,System technik Mannheim Pult - und Schrank technik GmbH,
1251,Versicherung makler Klukas - ConCent GmbH,
1252,Platin 99 7 . GmbH,
1253,Machold Management UG ( haftungsbeschränkt ) & Co . KG .,
1254,Vollmer & Scheffczyk GmbH,
1255,Dogan IT GmbH,
1256,Maler Hamacher GmbH,
1257,Yaoti GmbH,
1258,Fleisch mann Franz e . Kfm,
1259,GRAUTHOFF Holding GmbH,
1260,Gympanzee GmbH,
1261,ConDie - Container dienst Gesellschaft mit beschränkter Haftung,
1262,Rehcing GmbH,
1263,Sellnick Vermögens verwaltung GmbH & Co . KG,
1264,think & solve consulting - services GmbH,
1265,Eifelmetall - Gesellschaft mit beschränkter Haftung,
1266,Elektro Consult Wald heim GmbH,
1267,inITova GmbH,
1268,City - Appartements Wenden straße - Braunschweig - GmbH & Co . KG,
1269,JK OHG,
1270,Kühn Geoconsulting GmbH,
1271,"G . A . S . - global art space , gemeinnützige Unternehmer gesellschaft ( haftungsbeschränkt )",
1272,OMNIBAU GmbH,
1273,HATREI GmbH & Co . KG,
1274,Stadt haus Gesellschaft für privaten Wohnung bau mbH,
1275,Grundstück Forster GmbH & Co . KG,
1276,M . D . K . Gebäude technik GmbH,
1277,Ready Beton technik GmbH,
1278,Möbel Neuhaus GmbH,
1279,Elektro anlagen M & W GmbH Zwickau,
1280,Bender & Staus berg GmbH,
1281,Meß - Regel - Klima technik Franken GmbH,
1282,Wohnungs - Verwaltungs - und Eigentums gesellschaft Carpin mbH,
1283,HBP Verwaltung gesellschaft mbH,
1284,PORTALEUM Haustierkrematorium GmbH Berlin,
1285,VIRTUMA UG ( haftungsbeschränkt ),
1286,SafeGuard GmbH,
1287,Credicom GmbH,
1288,PKD UG ( haftungsbeschränkt ),
1289,Erfttal - Bäcker Back - und Vertriebs GmbH,
1290,CVT Veranstaltung technik GmbH,
1291,ASPrit Solutions Verwaltungs - GmbH,
1292,RSP Gebäude management GmbH,
1293,Lessmann GmbH,
1294,Augsburger Rolladen GmbH Hermann Topf,
1295,Rizk GmbH,
1296,SolAr Bis Z GmbH,
1297,DSB Security GmbH,
1298,EntsorgungsgeselIschaft Sachsen - Anhalt Süd mbH ( EG SAS ),
1299,PRO - Konstrukt - Bau GmbH,
1300,CC Computer - Studio GmbH,
1301,DANEL am Markt GmbH,
1302,Auto haus Köpper Borkener Straße GmbH,
1303,AMS - Edelstahl rohr leitung bau - GmbH,
1304,Lewin GmbH & Co . Kirch gasse 2 KG,
1305,Forst betrieb Schmidbauer GmbH & Co . KG,
1306,F . Bruckmann München Holding GmbH,
1307,apoplan GmbH,
1308,CMS Besitz GmbH & Co . KG,
1309,TELE MACHER Verwaltungs GmbH,
1310,Profi Pack Verwaltungs - GmbH,
1311,PASO GmbH,
1312,Martin & Co . KG,
1313,Auto - Box - Dresden GmbH,
1314,Albrecht Gebrüder & Co . Berlin GmbH,
1315, LANDS HUT  Liegenschaften KG,
1316,Aridan Immobilien - Verwaltungs - GmbH & Co . Betriebs KG,
1317,Elbsee - Restaurant GmbH & Co . Betriebs KG,
1318,AGB Beratende Ingenieure für Bau wesen GmbH,
1319,BVIK gGmbH,
1320,Buch handlung LESART GmbH,
1321,CO 2 - Plus GmbH & Co . KG,
1322,Regnitztaler Verlags UG ( haftungsbeschränkt ),
1323,Alexanderstraße 3 / 3 A GmbH,
1324,SBW Winter garten Fenster Türen GmbH,
1325,Erb Verwaltungs GmbH,
1326,Agentur 4 2 k GmbH,
1327,Acta Immobilien - und Verwaltungs - GmbH,
1328,Werner Krell GmbH,
1329,Oranien - Apotheke Inhaber : Ekkehart Kaaker e . K,
1330,Becker - Prünte Dienst leistung GmbH,
1331,AS & SA Handels gesellschaft UG ( haftungsbeschränkt ),
1332,MS Private Equity GmbH,
1333,FLOTTMANN Sieb druck - Service GmbH .,
1334,Sebening & Sohn Haus verwaltungen GmbH & Co . KG,
1335,Jobe GmbH,
1336,Anton Horn Stuck unternehmen e . K .,
1337,CITY TAXI COLOGNE e . K,
1338,Löcknitzer - Haus - Bau - Service - GmbH,
1339,Marien - Apotheke Karl - Heinrich Reimert e . K .,
1340,Allianz Capital Partners Verwaltungs GmbH,
1341,Bären - Apotheke am Karl - Marx - Platz Inhaberin Susanne Segebrecht,
1342,DISKUS Dreihundertzweiundsiebzigste Beteiligungs - und Verwaltungs - GmbH,
1343,Runkel Hochbau GmbH,
1344,CleanDevil GmbH,
1345,AHO Bau GmbH Plauen,
1346,Junge Chöre München gemeinnützige GmbH,
1347,Juwel 1 9 3 . V V UG ( haftungsbeschränkt ) & Co . 9 1 . Verwaltungs KG,
1348,Dortmunder Hafen Aktien gesellschaft,
1349,STINAG Dresden GmbH,
1350,Tischler meister Michael Dohrs GmbH,
1351,attempto e . K . Krefeld,
1352,d . i . i . Deutsche Invest Immobilien 7 . Bestand GmbH,
1353,Abarcon GmbH,
1354,Seibel GmbH Spiel platz geräte Holz bau,
1355,PKI Immobilien verwaltung UG ( haftungsbeschränkt ),
1356,betex Handels gesellschaft für Heimtextilien mbH,
1357,Müggelsee Residenzen See domizil I GmbH & Co . 1 . Immobilien beteiligung KG,
1358,Sanitär Leiter mann Service GmbH,
1359,G . C . Marl GmbH & Co . KG,
1360,IT . TEM GmbH,
1361,eCOUNT Technology GmbH,
1362,Macke Logistik GmbH,
1363,Kneisner Elektro planung UG,
1364,Lusatex GmbH & Co . KG,
1365,dercomputerladen SYSTEM HAUS GmbH,
1366,Praktiker DIY GmbH,
1367,Agro Data Unternehmens beteiligungen Verwaltung gesellschaft mbH,
1368,Winter berg Apotheke Henning Holz,
1369,Ibiomics GmbH,
1370,Realcoor Wohn bau GmbH & Co . KG,
1371,Schnell Auto motive e . K .,
1372,MEDICAL ALLIANCE SERVICES LIMITED,
1373,Haaga GmbH,
1374,HAYALVISION GmbH,
1375,RWA Immobilien GmbH & Co . KG,
1376,GG Concepts GmbH & Co . KG,
1377,Cliphor . se UG ( haftungsbeschränkt ),
1378,aloom GmbH & Co . KG,
1379,Gebr . Krings Grund besitz Verwaltungs - GmbH,
1380,True Food International Germany GmbH,
1381,IrmasWorld GmbH & Co . KG,
1382,AQIDOS Verwaltungs - und Beteiligungs - GmbH,
1383,A . u . K . Müller GmbH & Co KG .,
1384,TS Consulting UG ( haftungsbeschränkt ),
1385,AXA Entwicklungs - und Maschinen bau GmbH,
1386,Elbchaussee 4 0 1 - 4 0 3 Verwaltung gesellschaft mbH,
1387,Domotec Facility Management GmbH,
1388,Prenden Golf Service UG ( haftungsbeschränkt ),
1389,BSL Verwaltung gesellschaft Betriebs mittel Service Logistik mbH,
1390,SOLAR IMPORT - EXPORT LTD .,
1391,Campian Immobilien Verwaltungs GmbH,
1392,Hetsch - Transporte e . K . - Spedition und Lagerei,
1393,FRASSUR Entsorgung dienste GmbH,
1394,Young Fashion Eyewear GmbH,
1395,MAL Effekt - Technik GmbH,
1396,Rauch Verwaltung GmbH,
1397,Merian Grundstücks gesellschaft mbH,
1398,Alexpo Waren handels gesellschaft m . b . H .,
1399,RHS - Werbe mittel Rupp GmbH,
1400,Gesellschaft für angewandte Geistes forschung mbH,
1401,August Feld mann GmbH,
1402,medBlue e . K .,
1403,Bestattungen Ohles e . K .,
1404,Freyersbacher Mineral quellen GmbH & Co . KG,
1405,Tapad Germany GmbH,
1406,PF Projekt entwicklung GmbH,
1407,StS Oberflächen behandlung GmbH,
1408,Werner und Frank Spiegel GmbH,
1409,VIP Mobile UG ( haftungsbeschränkt ),
1410,Lahntal Tourismus Service GmbH,
1411,Dr . Kalhoff - Business Information and Instruments e . K .,
1412,Medien Aktiv Service GmbH,
1413,Arenz und Spruhs Partnerschaft Steuer berater,
1414,IMN Immobilien Management Nord GmbH,
1415,Synora Invest Vermögens verwaltung GmbH & Co . KG,
1416,Sparrow Analytics GmbH,
1417,Thumm Technologie GmbH,
1418,Ellwanger Tor platz Verwaltung UG ( haftungsbeschränkt ),
1419,AW auto motive GmbH,
1420,AfU Investor Research GmbH,
1421,Versicherung büro Buck KG,
1422,Garten siedlung Giesensdorf e . G .,
1423,Merkle Finanz beratung GmbH,
1424,ATG Auto technik GmbH,
1425,Luxaviation Germany GmbH,
1426,ELA European Leadership Academy GmbH,
1427,VELOX Hoch - und Tiefbau GmbH,
1428,Destarol Investment GmbH,
1429,EEG Energie Expertise GmbH,
1430,Rotlein GmbH,
1431,Freddytel e . K .,
1432,Oberhavel Kliniken GmbH,
1433,FRV Versicherungs - Vermittlungs - GmbH,
1434,STUBE text & design UG ( haftungsbeschränkt ),
1435,bisDATO - Art UG ( haftungsbeschränkt ),
1436,EuRec Recycling Machines GmbH,
1437,ProjEn GmbH Project Engineers,
1438,ROLAND - SANITÄT HAUS e . K . Inhaberin : Jutta Hirsch,
1439,Monika Meyer GmbH & Co . KG,
1440,BaWü Industrie entsorgung GmbH,
1441,UDE Training Holding gesellschaft mbH & Co . KG,
1442,"Plein und Braun , Verwaltungs - Gesellschaft mit beschränkter Haftung",
1443,Lindau Immobilien GmbH & Co KG,
1444,RAAK Wohn immobilien UG ( haftungsbeschränkt ),
1445,Burmeister Beteiligungs GmbH,
1446,TRUST System keramik GmbH,
1447,Alpha - ES Elektronik - Systeme e . K .,
1448,Drescher & Petrowski Beteiligungs - und Verwaltung gesellschaft mbH,
1449,BSB GmbH Bauen und Sanieren im Bestand,
1450,Walter Bommhardt Gesellschaft mit beschränkter Haftung,
1451,Mark wort Holding GmbH,
1452,"Mode für Sie und Ihn , Frank Krüger , Wetzlar - Alt stadt",
1453,AWAG Fahnen und Fahnen masten Inh . Alois Wagner e . K .,
1454,Wind park ABF GmbH,
1455,Facere 1 . Grundstücks verwaltung gesellschaft mbH & Co . Vermietungs KG,
1456,DG Dresdner Grund besitz Beteiligungs GmbH,
1457,Techmopart GmbH,
1458,Fahrschule Leo Gostomzik UG ( haftungsbeschränkt ),
1459,oak media GmbH,
1460,Kenj Immobilien GmbH,
1461,TNT Media GmbH,
1462,Sonnen hotel Wolfs hof GmbH & Co . KG,
1463,Spree Druck Berlin GmbH,
1464,DT Projekte GmbH,
1465,Arts of Toyco Musik verlag oHG,
1466,WOC Invest 3 . 3 GmbH & Co . KG,
1467,Aschen bachs Apotheke e . K .,
1468,MABA Projekt GmbH & Co . KG,
1469,PM Projekt management GmbH Organisation entwicklung + Information technologie,
1470,sweetcups UG ( haftungsbeschränkt ),
1471,BIG Beauty Instruments GmbH,
1472,Maurer meister Denis Haase GmbH,
1473,Contrade Consulting & Services GmbH,
1474,LiDo Vermögens UG ( haftungsbeschränkt ),
1475,Nimet Verwaltungs GmbH,
1476,Alternativ Invest Return GmbH & Co . Strategy KG,
1477,Bäckerei Wolf GmbH,
1478,AK - Demir Bau GmbH,
1479,blue coast capital Beteiligung gesellschaft mbH,
1480,BESTA Eisen - u . Stahl handels gesellschaft mbH,
1481,BRÄHLER ICS Konferenz technik International Congress Service Aktien gesellschaft,
1482,Elektro Wenzl GmbH,
1483,MaFo Service B . Ripperger e . Kfr .,
1484,SMA - Super - Markt - Anlage - Vermögens verwaltung - KG,
1485,AWA Produktions GmbH,
1486,Spieth & Wensky Verwaltungs - GmbH,
1487,Giannikis Gounaris GmbH & Co . KG,
1488,Cargobull Leasing - und Handels - GmbH,
1489,Listner Immobilien GmbH,
1490,AEB Grund Invest GmbH & Co . KG,
1491,Hellmich GmbH,
1492,Auto kontor Bayern GmbH,
1493,Horst Ziegen fuß GmbH,
1494,Vierundzwanzigste Gamma Trans Leasing Verwaltungs - GmbH & Co . Finanzierungs - Management KG,
1495,THG Germany GmbH,
1496,NORDCONSULT Unternehmens beratung GmbH,
1497,NPIXO GmbH & Co KG,
1498,Döhler Zerspanungstechnik GmbH,
1499,E - M Immobilien UG ( haftungsbeschränkt ) & Co . KG,
1500,Garten - und Landschaft bau H . - W . Barth Ingenieurges . mbH,
1501,Mauser Wal deck Aktien gesellschaft i . L .,
1502,Druck knopf GmbH & Co KG,
1503,DELTIE Consulting UG ( haftungsbeschränkt ),
1504,"Butzbacher Wohnung gesellschaft , Gesellschaft mit beschränkter Haftung",
1505,AStrahl GmbH,
1506,Holz logistik Meißner OHG,
1507,Reshet Beta GmbH,
1508,Spenglersan GmbH,
1509,Dirk Keck Verwaltungs GmbH,
1510,Schuhstyle Berlin GmbH,
1511,I - D - E Projekt gesellschaft mbH Informations - Daten - und Elektro technik,
1512,AGRAR DAMM GmbH,
1513,wwsmedia GmbH,
1514,CAESAREA Immobilien GmbH,
1515,Helmut Haas GmbH Industrie vertretungen,
1516,Bürgel Potsdam GmbH,
1517,Dental - Labor Kroker GmbH,
1518,Brigitte Husemann GmbH & Co . KG,
1519,Info star Inh . Christovao Silva e . K,
1520,BIG Investment GmbH & Co . KG,
1521,RCF Verwaltungs GmbH,
1522,"Gmerek , Manthe , Walta Rechts anwälte in Partnerschaft",
1523,Gebrüder Hannappel OHG,
1524,METON GmbH,
1525,GOEK LTD Niederlassung Deutschland,
1526,CORTINA Eis cafe GmbH,
1527,TGC Biomics GmbH,
1528,Städtische Wasser - und Fernwärme versorgung Schwan dorf,
1529,Fahren kamp und Gärtner Objekt Einbeck Verwaltungs GmbH,
1530,alt consulting Verwaltungs GmbH,
1531,Hinsemann Wohnungs GmbH,
1532,Metall bau Schilling GmbH,
1533,KWP Treuhand GmbH Steuer beratung gesellschaft,
1534,Niemz Geschäfts führung GmbH,
1535,Feld haus Transporte UG ( haftungsbeschränkt ),
1536,Element C GmbH,
1537,UGW Promotion GmbH,
1538,Schüßler Verwaltungs GmbH,
1539,Solar park Auerbach GmbH & Co . KG,
1540,Günther Assekuranz Consulting GmbH,
1541,BAL Verwaltungs UG ( haftungsbeschränkt ),
1542,Solventis Schuldner - und Insolvenz beratung UG ( haftungsbeschränkt ),
1543,Aliceparadies e . K .,
1544,GUP Gesellschaft für Umwelt - Energie und Projekt management mbH,
1545,anvoplan GmbH,
1546,Activa Bau - Projektierung GmbH & Co . KG,
1547,Ulixes Roboter systeme GmbH,
1548,Howelpa Logistik GmbH,
1549,EIS - Zauberei Wolf gang Brasch e . K,
1550,four - quarters real value UG ( haftungsbeschränkt ),
1551,Dach - und Wand systeme Klein GmbH & Co . KG,
1552,IFBE Bildung zentrum gem . GmbH,
1553,bau Spezi - MB - Kauf GmbH,
1554,bo Production GmbH,
1555,B & B GmbH,
1556,Mode Müller GmbH,
1557,TVSC Treuhand - Verwaltung - Service - Consult GmbH,
1558,D - Edition Handels GmbH,
1559,König Glas bau Verwaltungs GmbH,
1560,NELO Vierte GmbH,
1561,SyGa Limited Niederlassung Magdeburg,
1562,Bio gas produktion Stavenhagen Verwaltungs - GmbH,
1563,Uli Biskoping e . K .,
1564,FFD First Friends Development GmbH,
1565,SSteuerberatungsgesellschaft mbH,
1566,E . W . O . Vertriebs GmbH,
1567,SCP Schulz UG ( haftungsbeschränkt ),
1568,Mediobanca S . p . A . Niederlassung Deutschland,
1569,"Wesona Werkzeug - , Sonder maschinen - und Anlagen bau GmbH",
1570,CADnetwork GmbH,
1571,MVM Transporte UG ( haftungsbeschränkt ),
1572,IAMO Immobilien und Objekt entwicklung GmbH,
1573,"Schwerdtfeger Sanität haus und Orthopädie schuh technik , Inhaber Stefan Egel hof e . Kfm .",
1574,Technik ideen GmbH,
1575,ac telebusiness GmbH,
1576,"Tier heim betriebs gesellschaft Kall , gemeinnützige UG ( haftungsbeschränkt )",
1577,KFP GmbH Konzept Finanz Plan,
1578,PRV Grundstücks gesellschaft mbH,
1579,Devcon Software GmbH,
1580,Kondor Wessels Beginenhof II GmbH,
1581,Kunst - & Bauschlosserei SCHMIDTKUNZ GmbH & Co . KG,
1582,Steuer kanzlei Kürpick Steuer beratung gesellschaft mbH,
1583,Ageto Holding AG,
1584,Immobiles - Gesellschaft für Vertrieb und Verwaltung von Immobilien mbH,
1585,Ware mode GmbH,
1586,LA Verwaltungs - GmbH,
1587,Luis Foods GmbH,
1588,Bürger wind park Kehdingbruch GmbH & Co . KG,
1589,Riviera Flowers Handels gesellschaft mbH,
1590,Stella Frisia GmbH & Co . KG,
1591,Pulger Spedition GmbH,
1592,EM - Metall GmbH & Co . KG,
1593,J . B . Häuser Verwaltungs - GmbH,
1594,easy - WebTalk KG,
1595,Asia Gastro Cuisine und Handel GmbH,
1596,Upper East Side e . K,
1597,KURON KG,
1598,Auto haus YVEL Düssel dorf Verwaltung GmbH,
1599,Solide Mobile GmbH,
1600,cinesto Ltd . & Co KG,
1601,Klar Verwaltungs - GmbH,
1602,I . V . Grund besitz verwaltung GmbH,
1603,CMI GmbH,
1604,Cologne Event Service Susanne Schirmann e . K .,
1605,HUG GmbH Internationale Vertriebs agentur,
1606,Giele GmbH,
1607,Vos Solar Energy I GmbH,
1608,real kapital KGaA,
1609,Stöppler GmbH,
1610,Holtmann GmbH,
1611,Petri - Fuchs Trucking GmbH,
1612,FRAST Beteiligung gesellschaft mbH,
1613,BGM Trading GmbH,
1614,HELIOS Therapie Mitte - Nord GmbH,
1615,Versicherung makler Huissmann GmbH,
1616,M . A . D . Marketing - Advertising - Design Kommunikation gesellschaft mbH,
1617,Thomas Furch GmbH,
1618,p - faktor e . K .,
1619,Landwirtschaftliche Erzeuger gemeinschaft eG Berge,
1620,Hans Wolbring GmbH Keramische Farben,
1621,SVG Beratungs - und Schulung gesellschaft mbH,
1622,Auto haus Stein GmbH,
1623,M . + H . Schäfer Ilsfeld GmbH,
1624,Werner Köpper Gesellschaft mit beschränkter Haftung,
1625,J . - P . Gabriel GmbH,
1626,A . Becker Consulting GmbH,
1627,DKS GmbH,
1628,Kowal Immobilien GmbH & Co . KG,
1629,Auto haus Öhl e . K,
1630,BorMaLa - Technik handel und - service GmbH,
1631,EFT Excellent Food Trading GmbH,
1632,"Lippmann & Lippmann Partnerschaft gesellschaft , beratende Betriebs wirte",
1633,CORITEL GmbH,
1634,AK business services GmbH,
1635,LIBAU - Harzer Bau - und Sanierungs GmbH,
1636,PreWe Industrie wartung - und Dienst leistung GmbH,
1637,mileworks auto motive systems GmbH,
1638,BSU Verwaltungs - GmbH,
1639,AMS Verwaltung gesellschaft mbH,
1640,Rosen Verwaltung GmbH,
1641,Faltenbacher GmbH,
1642,ImmoMB UG ( haftungsbeschränkt ),
1643,Fliesen fach geschäft Gerhard Dehm GmbH,
1644,H & E Hochbau planung & Elektro installationen UG ( haftungsbeschränkt ),
1645,Deutscher Ärzte - Verlag Gesellschaft mit beschränkter Haftung,
1646,Raduga International UG ( haftungsbeschränkt ),
1647,A . S . A . Sicheneder Elektro anlagen GmbH,
1648,Auto haus AS e . K .,
1649,AVIAL Bau träger GmbH & Co . Metzer Straße 1 6 Grundstücks KG,
1650,Kreutzer Industrie montage GmbH,
1651,Techno - Service Zeit arbeit GmbH,
1652,SHL STEUER BERATUNG GESELLSCHAFT MBH,
1653,Janz Verwaltungs GmbH,
1654,Frankonia GmbH Glas - u . Gebäude reinigung,
1655,Auto service und Abschleppdienst Liebstedt OHG,
1656,Löwen bäcker GmbH,
1657,Kastrup Recycling Verwaltungs GmbH,
1658,ALDOS - A Verwaltungs - GmbH,
1659,CAS Equity GmbH,
1660,Airport Race GmbH,
1661,Wilkes GmbH,
1662,RT Real Estate GmbH,
1663,1 . Verwaltung . Innovation . Grundstücks wesen - VIG Immo Grundstücks verwaltung GmbH & Co . KG,
1664,STIC GmbH,
1665,Auto center Plauen Süd GmbH,
1666,MH Bechtle Verwaltungs - GmbH,
1667,Georg Schmerler Schutz brillen u .. optische Fabrik GmbH & Co . KG,
1668,GreenWay GmbH,
1669,Pflege dienst Annekatrin Krüger e . K .,
1670,Cheese 4 me GmbH,
1671,BÜSCH Armaturen Nürnberg GmbH,
1672,EPIKEROS PR - PORTAL LIMITED,
1673,Korn bauern GmbH,
1674,BSB - Kuvert GmbH & Co . KG,
1675,Elite Schweiß technik Gesellschaft mit beschränkter Haftung,
1676,Alber Treppen systeme GmbH,
1677,AVZ Media UG ( haftungsbeschränkt ),
1678,SWI UG ( haftungsbeschränkt ) schöner wohnen Immobilien service,
1679,Bandner Consulting e . K .,
1680,Thorwesten Immobilien Gesellschaft mit beschränkter Haftung,
1681,DaMaVe GmbH & Co . KG,
1682,Anton Stanglmayr GmbH,
1683,WiLas Verwaltungs UG ( haftungsbeschränkt ),
1684,Besselmann Services Verwaltungs GmbH,
1685,THEODORUM Liegenschaften GmbH & Co . KG,
1686,HAWOK Handels - und Beteiligung gesellschaft m . b . H .,
1687,Grow Grund besitz GmbH,
1688,R . u . W . Groß + Co . GmbH,
1689,L . Q . M Markt forschung GmbH,
1690,IBC Solar fonds 2 00 9 GmbH & Co KG,
1691,Auto - Kraus Grund besitz GmbH & Co . KG,
1692,Stanztechnik Thewalt GmbH,
1693,Rotomors GmbH,
1694,step 2 step Personal service GmbH,
1695,Franz Herb GmbH & Co . KG,
1696,Fachpublika Wehner GmbH,
1697,AP Industrie bau Gmbh,
1698,Sun Energy Power GmbH,
1699,Zeitung am Samstag Verlags GmbH,
1700,B & S Vermögens verwaltung GmbH,
1701,NORMA 2 4 Online - Shop GmbH & Co . KG,
1702,RANDACK Schraub - u . Spann elemente GmbH,
1703,Auer Grund besitz verwaltung KG,
1704,Restaurationsbetriebe Christian I . Hahne,
1705,Fareast Trading GmbH,
1706,CREATEOCEANS GmbH & Co . KG,
1707,alert Film GmbH,
1708,ISAR Automation GmbH,
1709,Frauendorfer Reinigung service GmbH,
1710,Walter Feeß Verwaltungs - GmbH,
1711,Volleyball Club Dresden Spiel betriebs GmbH,
1712,WEST DEUTSCHLAND Immobilien Portfolio II . / 2 00 7 GmbH,
1713,Umspannwerk Lonsheim GmbH & Co . KG,
1714,DATUS AG,
1715,HELIOS Medizinisches Versorgung zentrum Helmstedt GmbH,
1716,XL Airways Germany GmbH,
1717,Bruse Haus bau GmbH,
1718,Setzkorn Verwaltung gesellschaft mbH,
1719,Engel und Handke Handel und Montage GmbH,
1720,BIO - OEL HCT GmbH,
1721,Green Job UG ( haftungsbeschränkt ),
1722,CONPOWER Finanz Verwaltung GmbH,
1723,Deutsche Industrie - und Park haus bau GmbH,
1724,FIVO Finanz - Vermögens - Versicherung dienstleistung GmbH,
1725,Kredit garantie gemeinschaft in Baden Württemberg Verwaltungs - GmbH,
1726,Brilliant 3 1 0 . GmbH,
1727,Apotheke Kleinmachnow Inhaber Margit Schulz,
1728,F . Potthoff Assekuranz - Makler GmbH & Co . KG,
1729,Felzen Trading GmbH,
1730,Beate Scheidt UG ( haftungsbeschränkt ),
1731,Inversi UG ( haftungsbeschränkt ),
1732,AIN Verwaltungs GmbH,
1733,GiroWeb Nord GmbH,
1734,"Schreinerei Riehm & Sohn , Inhaber Markus Becker e . K .",
1735,Max Schuster Verwaltungs - GmbH,
1736,Schwarz und Fries System technik GmbH,
1737,Meiser GmbH,
1738,Trespaphan Holdings GmbH,
1739,MH Schmidt Gerüst bau GmbH,
1740,Bau und Bau Service Gesellschaft mbH ( BBS ),
1741,Semcon Project Management GmbH,
1742,Buchbinderei und Galerie Christian Zwang GmbH,
1743,BuzzFeed GmbH,
1744,Aero Flight Center Hildesheim GmbH,
1745,"Ohde GmbH & Co . KG Stahl beton - , Hoch - und Tiefbau",
1746,d . core GmbH,
1747,Treuconcept Grund besitz GmbH,
1748,System Design - Büro & Einrichtung gesellschaft mbH,
1749,HBM - System planung GmbH,
1750,AHLERS HOLDING GmbH & Co . KG,
1751,CultTour 11 GmbH,
1752,Fritsch Vermögens verwaltung GmbH & Co . KG,
1753,RSAA GmbH,
1754,Konzept & Markt Göttingen GmbH,
1755,Hani Khalil KFZ - Handel e . K .,
1756,Schübel GmbH & Co . KG,
1757,Wind park Kirch Mulsow GmbH,
1758,EV Kassel Göttingen GmbH,
1759,Friedrich Schwertfeger GmbH & Co KG,
1760,Diorit - Achte Geschäftsbesorgungs GmbH & Co . KG,
1761,Reinhart Wholesale e . K . Inhaber Lukas Reinhart,
1762,Saterra Residenz bau GmbH,
1763,Diy - Tech GmbH & Co . KG,
1764,Titan - Aluminium - Fein guß GmbH,
1765,EuroVal GmbH & Co . Erste Beteiligungs KG,
1766,Lichtpaus - und Zeichen technik Ernst Perl GmbH,
1767,REWO - PACK F . Niedecker e . K,
1768,Kowal Immobilien Verwaltungs GmbH,
1769,0 7 11 Lifestyle GmbH & Co . KG,
1770,Berg mann Auto wäsche GmbH,
1771,Abacom Beteiligungs GmbH .,
1772,Canal Grande Restaurant GmbH,
1773,SM - Service GmbH Straßen - und Gebäude - Reinigung,
1774,BPG Consulting UG ( haftungsbeschränkt ),
1775,Öko wert GEIS GmbH & Co . KG,
1776,PW 4 Immobilien GmbH,
1777,Senioren hilfe SMMP gGmbH,
1778,Oncosil Medical Germany GmbH,
1779,Pfäffikon Beteiligungs - und Verwaltungs GmbH,
1780,KogiTEK UG ( haftungsbeschränkt ),
1781,procar informatik AG,
1782,Mühle hof Mühlacker Stadt hallen betriebs GmbH,
1783,Landwidi GmbH,
1784,ZYLLA GmbH Aluminium & Kunststoff FENSTER - TÜREN - FASSADEN,
1785,WK Immobilien Gesellschaft mit beschränkter Haftung,
1786,FINIKON Kapital planung gesellschaft mbH & Co . KG,
1787,Jürgen & Ingrid Weber UG ( haftungsbeschränkt ) & Co . KG,
1788,Navigante GmbH & Co . KG,
1789,LVM - Versicherung büro Wilhelm Westerman e . K .,
1790,HEGA Metall bau Winfried Mascher e . K .,
1791,Green Tower III Beteiligungs - GmbH,
1792,Bohn Direct Target Group Management GmbH,
1793,Werner Meiske Inh . Gregg Schwontkowski e . Kfm .,
1794,FONTIS Aktien gesellschaft,
1795,PW Sachsen lack Oberflächen beschichtung GmbH & Co . KG,
1796,Eyck Rosseck - AKZENT INNENDEKORATION eK,
1797,CM Dach zelt GmbH,
1798,1 - 2 - play GmbH,
1799,Richard Kurth GmbH,
1800,V - Projekt GmbH & Co . KG,
1801,Ingenieur büro Simon KG,
1802,papcon Papier verarbeitung GmbH,
1803,KONTEXT Gesellschaft für Psychosoziale Dienste GmbH,
1804,Conti Clarissa Schiffahrts - GmbH,
1805,ProDEKon Blech technik Verwaltungs GmbH,
1806,Klöckner PET International GmbH,
1807,Luckaitzer Bedachungs GmbH,
1808,Getränke Schulz GmbH,
1809,ALBRECHT AIRCRAFT SERVICE LIMITED,
1810,11 events GmbH,
1811,Dobberstein Grundstücks - + Vermögens verwaltung GmbH,
1812,Alphega Apotheken partner GmbH,
1813,Vögtle Verwaltungs GmbH,
1814,Elektro - Schillinger GmbH,
1815,Berger Beteiligung gesellschaft Deutschland mbH,
1816,CCNCH Kommanditgesellschaft UG ( haftungsbeschränkt ) & Co . KG,
1817,WOC Photovoltaik Invest 1 2 GmbH,
1818,Europa - Park GmbH & Co - Shopping KG,
1819,Bostel Mode vertriebs GmbH,
1820,Energie gesellschaft Europa allee m . b . H .,
1821,Pohlen Bedachungen GmbH & Co . Kommanditgesellschaft,
1822,RM General bau Köln GmbH,
1823,Wine Capital Selection GmbH,
1824,RS reparatur manufaktur UG ( haftungsbeschränkt ),
1825,IMMOfit GmbH & Co . KG,
1826,C . I . S . Construction & International Service GmbH,
1827,Bau haus MVZ GmbH,
1828,PICKERT UND PARTNER GMBH Gesellschaft für Qualität management,
1829,Transmission Advertising Services GmbH,
1830,focus hören Friedrichshafen GmbH,
1831,beaker GmbH,
1832,JSD Johannes Senioren dienste Süd gemeinnützige GmbH,
1833,MW FÜR DICH . UG ( haftungsbeschränkt ),
1834,FWS Geschäfts führung UG ( haftungsbeschränkt ),
1835,Aesculap - Apotheke Dieter Horlitz,
1836,Post dienst leistungen GS GmbH,
1837,Kämpf Schrott - und Metall großhandel GmbH,
1838,faber manufaktur & handels gmbh & co . kg,
1839,CarLoft Hotel Real Estate Düssel dorf GmbH,
1840,Alttec GmbH,
1841,Ambulanter Pflege dienst Wicht - Baasch GmbH,
1842,Pflege und Service Daheim GmbH,
1843,Media Markt TV - HiFi - Elektro GmbH Bonn,
1844,"hoelschertechnic - gorator GmbH & Co . KG , Berlin",
1845,Hecker Holz system bau GmbH,
1846,RMW Wohnung gesellschaft Frankfurt GmbH,
1847,Peter Kunz GmbH & Co . KG,
1848,Antkowiak Entsorgung GmbH,
1849,Güllich und Fleisch AG Unternehmens beratung gesellschaft,
1850,punkt ( . ) DigitaleFotografie und Gestaltung GmbH,
